dateCrawled,name,seller,offerType,price,abtest,vehicleType,yearOfRegistration,gearbox,powerPS,model,kilometer,monthOfRegistration,fuelType,brand,notRepairedDamage,dateCreated,nrOfPictures,postalCode,lastSeen
24-03-2016 11:52,Golf_3_1.6,privat,Angebot,480,test,,1993,manual,0,golf,150000,0,petrol,volkswagen,,24-03-2016 00:00,0,70435,07-04-2016 03:16
24-03-2016 10:58,A5_Sportback_2.7_Tdi,privat,Angebot,18300,test,coupe,2011,manual,190,,125000,5,diesel,audi,yes,24-03-2016 00:00,0,66954,07-04-2016 01:46
14-03-2016 12:52,"Jeep_Grand_Cherokee_""Overland""",privat,Angebot,9800,test,suv,2004,automatic,163,grand,125000,8,diesel,jeep,,14-03-2016 00:00,0,90480,05-04-2016 12:47
17-03-2016 16:54,GOLF_4_1_4__3TÜRER,privat,Angebot,1500,test,kleinwagen,2001,manual,75,golf,150000,6,petrol,volkswagen,no,17-03-2016 00:00,0,91074,17-03-2016 17:40
31-03-2016 17:25,Skoda_Fabia_1.4_TDI_PD_Classic,privat,Angebot,3600,test,kleinwagen,2008,manual,69,fabia,90000,7,diesel,skoda,no,31-03-2016 00:00,0,60437,06-04-2016 10:17
04-04-2016 17:36,BMW_316i___e36_Limousine___Bastlerfahrzeug__Export,privat,Angebot,650,test,limousine,1995,manual,102,3er,150000,10,petrol,bmw,yes,04-04-2016 00:00,0,33775,06-04-2016 19:17
01-04-2016 20:48,Peugeot_206_CC_110_Platinum,privat,Angebot,2200,test,cabrio,2004,manual,109,2_reihe,150000,8,petrol,peugeot,no,01-04-2016 00:00,0,67112,05-04-2016 18:18
21-03-2016 18:54,VW_Derby_Bj_80__Scheunenfund,privat,Angebot,0,test,limousine,1980,manual,50,andere,40000,7,petrol,volkswagen,no,21-03-2016 00:00,0,19348,25-03-2016 16:47
04-04-2016 23:42,Ford_C___Max_Titanium_1_0_L_EcoBoost,privat,Angebot,14500,control,bus,2014,manual,125,c_max,30000,8,petrol,ford,,04-04-2016 00:00,0,94505,04-04-2016 23:42
17-03-2016 10:53,VW_Golf_4_5_tuerig_zu_verkaufen_mit_Anhaengerkupplung,privat,Angebot,999,test,kleinwagen,1998,manual,101,golf,150000,0,,volkswagen,,17-03-2016 00:00,0,27472,31-03-2016 17:17
26-03-2016 19:54,Mazda_3_1.6_Sport,privat,Angebot,2000,control,limousine,2004,manual,105,3_reihe,150000,12,petrol,mazda,no,26-03-2016 00:00,0,96224,06-04-2016 10:45
07-04-2016 10:06,Volkswagen_Passat_Variant_2.0_TDI_Comfortline,privat,Angebot,2799,control,kombi,2005,manual,140,passat,150000,12,diesel,volkswagen,yes,07-04-2016 00:00,0,57290,07-04-2016 10:25
15-03-2016 22:49,"VW_Passat_Facelift_35i__""7Sitzer""",privat,Angebot,999,control,kombi,1995,manual,115,passat,150000,11,petrol,volkswagen,,15-03-2016 00:00,0,37269,01-04-2016 13:16
21-03-2016 21:37,VW_PASSAT_1.9_TDI_131_PS_LEDER,privat,Angebot,2500,control,kombi,2004,manual,131,passat,150000,2,,volkswagen,no,21-03-2016 00:00,0,90762,23-03-2016 02:50
21-03-2016 12:57,Nissan_Navara_2.5DPF_SE4x4_Klima_Sitzheizg_Bluetooth.Doppelkabine,privat,Angebot,17999,control,suv,2011,manual,190,navara,70000,3,diesel,nissan,no,21-03-2016 00:00,0,4177,06-04-2016 07:45
11-03-2016 21:39,KA_Lufthansa_Edition_450€_VB,privat,Angebot,450,test,kleinwagen,1910,,0,ka,5000,0,petrol,ford,,11-03-2016 00:00,0,24148,19-03-2016 08:46
01-04-2016 12:46,Polo_6n_1_4,privat,Angebot,300,test,,2016,,60,polo,150000,0,petrol,volkswagen,,01-04-2016 00:00,0,38871,01-04-2016 12:46
20-03-2016 10:25,Renault_Twingo_1.2_16V_Aut.,privat,Angebot,1750,control,kleinwagen,2004,automatic,75,twingo,150000,2,petrol,renault,no,20-03-2016 00:00,0,65599,06-04-2016 13:16
23-03-2016 15:48,Ford_C_MAX_2.0_TDCi_DPF_Titanium,privat,Angebot,7550,test,bus,2007,manual,136,c_max,150000,6,diesel,ford,no,23-03-2016 00:00,0,88361,05-04-2016 18:45
01-04-2016 22:55,Mercedes_Benz_A_160_Classic_Klima,privat,Angebot,1850,test,bus,2004,manual,102,a_klasse,150000,1,petrol,mercedes_benz,no,01-04-2016 00:00,0,49565,05-04-2016 22:46
01-04-2016 19:56,Volkswagen_Scirocco_1.4_TSI_Sport,privat,Angebot,10400,control,coupe,2009,manual,160,scirocco,100000,4,petrol,volkswagen,no,01-04-2016 00:00,0,75365,05-04-2016 16:45
27-03-2016 11:38,BMW_530i_TÜV_7/17_Scheckheftgepflegt_sehr_guter_Zustand,privat,Angebot,3699,test,limousine,2002,automatic,231,5er,150000,7,petrol,bmw,no,27-03-2016 00:00,0,68309,07-04-2016 06:44
23-03-2016 14:52,Opel_Meriva_1.Hand_TÜV_3.2018,privat,Angebot,2900,test,,2018,manual,90,meriva,150000,5,petrol,opel,no,23-03-2016 00:00,0,49716,31-03-2016 01:16
12-03-2016 19:43,Stadtflitzer,privat,Angebot,450,test,kleinwagen,1997,manual,50,arosa,150000,5,petrol,seat,no,12-03-2016 00:00,0,9526,21-03-2016 01:46
13-03-2016 20:40,MERCEDES_200E__TÜV_04/2016,privat,Angebot,500,test,limousine,1990,manual,118,andere,150000,10,petrol,mercedes_benz,yes,13-03-2016 00:00,0,35390,13-03-2016 20:40
18-03-2016 21:44,BMW_530d_touring_Vollausstattung_NAVI,privat,Angebot,2500,control,kombi,2002,automatic,193,5er,150000,9,diesel,bmw,yes,18-03-2016 00:00,0,73765,18-03-2016 21:44
10-03-2016 19:38,Citroen_C4_Grand_Picasso.,privat,Angebot,5555,control,,2017,manual,125,c4,125000,4,,citroen,no,10-03-2016 00:00,0,31139,16-03-2016 09:16
07-03-2016 12:51,Honda_Civic_1.4_i_VTEC_Comfort,privat,Angebot,6900,test,limousine,2008,manual,99,civic,60000,11,petrol,honda,no,07-03-2016 00:00,0,12621,26-03-2016 09:44
09-03-2016 11:56,Volkswagen_T3_andere,privat,Angebot,1990,test,bus,1981,manual,50,transporter,5000,1,petrol,volkswagen,no,09-03-2016 00:00,0,87471,10-03-2016 07:44
08-03-2016 19:55,Fiat_Punto_1.2,privat,Angebot,690,test,kleinwagen,2003,manual,60,punto,150000,3,petrol,fiat,no,08-03-2016 00:00,0,86199,09-03-2016 11:45
03-04-2016 15:48,Mercedes_Benz_E_250_D_Original_Zustand_!!,privat,Angebot,3300,test,limousine,1995,automatic,113,e_klasse,150000,1,diesel,mercedes_benz,no,03-04-2016 00:00,0,53879,05-04-2016 15:16
29-03-2016 16:57,Renault_clio_1.2_TÜV_07/2016,privat,Angebot,899,control,,2016,manual,60,clio,150000,6,petrol,renault,,29-03-2016 00:00,0,37075,29-03-2016 17:43
15-03-2016 20:59,Golf_3_....._1.4,privat,Angebot,245,test,limousine,1994,,0,golf,150000,2,petrol,volkswagen,no,15-03-2016 00:00,0,44145,17-03-2016 18:17
25-03-2016 21:48,BMW_325i_Aut.,privat,Angebot,18000,test,limousine,2007,automatic,218,3er,20000,5,petrol,bmw,no,25-03-2016 00:00,0,39179,07-04-2016 04:45
17-03-2016 18:55,Mercedes_Benz_E_200_CDI_automatic_Classic,privat,Angebot,3500,control,limousine,2004,automatic,122,e_klasse,150000,11,diesel,mercedes_benz,no,17-03-2016 00:00,0,67071,30-03-2016 15:46
08-03-2016 07:54,VW_Golf_3,privat,Angebot,350,test,,2016,manual,75,golf,150000,4,petrol,volkswagen,no,08-03-2016 00:00,0,19386,08-03-2016 09:44
11-03-2016 11:50,Opel_Kadett_E_CC,privat,Angebot,1600,control,andere,1991,manual,75,kadett,70000,0,,opel,,11-03-2016 00:00,0,2943,07-04-2016 03:46
28-03-2016 17:50,Renault_Kangoo_1.9_Diesel,privat,Angebot,1500,test,,2016,,0,kangoo,150000,1,diesel,renault,no,28-03-2016 00:00,0,46483,30-03-2016 09:18
01-04-2016 17:45,Abschleppwagen_Vw_LT_195.000_gruene_Plakette_TÜV_8/2017,privat,Angebot,11900,test,andere,2002,manual,129,andere,150000,11,diesel,volkswagen,no,01-04-2016 00:00,0,10551,05-04-2016 12:47
25-03-2016 15:50,Mercedes_Camper_D407,privat,Angebot,1500,test,bus,1984,manual,70,andere,150000,8,diesel,mercedes_benz,no,25-03-2016 00:00,0,22767,27-03-2016 03:17
26-03-2016 22:06,Suche_Opel_corsa_a_zu_verschenken,privat,Angebot,0,test,,1990,,0,corsa,150000,1,petrol,opel,,26-03-2016 00:00,0,56412,27-03-2016 17:43
30-03-2016 20:38,E_500_Avantgarde_AMG_Ausstattung,privat,Angebot,7500,control,limousine,2002,automatic,306,e_klasse,150000,4,,mercedes_benz,,30-03-2016 00:00,0,33649,03-04-2016 11:44
24-03-2016 00:52,BMW_E60_530XD,privat,Angebot,12500,test,limousine,2006,automatic,231,5er,150000,11,diesel,bmw,,23-03-2016 00:00,0,46119,04-04-2016 16:18
13-03-2016 15:47,Mini_One_Pepper_Scheckheftgepflegt,privat,Angebot,6990,test,limousine,2007,manual,95,one,100000,8,petrol,mini,no,13-03-2016 00:00,0,59174,21-03-2016 17:17
17-03-2016 12:44,Smart_For_two_Klima_regensensor_uSw,privat,Angebot,3900,test,kleinwagen,2008,automatic,61,fortwo,80000,6,petrol,smart,,17-03-2016 00:00,0,21073,19-03-2016 11:46
29-03-2016 18:57,Renault_Clio_1.4,privat,Angebot,590,control,kleinwagen,1999,manual,75,clio,125000,8,petrol,renault,no,29-03-2016 00:00,0,84180,29-03-2016 18:57
15-03-2016 18:59,BMW_120d_DPF,privat,Angebot,7999,control,limousine,2007,manual,177,1er,150000,8,diesel,bmw,no,15-03-2016 00:00,0,53604,16-03-2016 16:47
04-04-2016 00:38,BMW_528i_touring,privat,Angebot,2100,test,kombi,1998,automatic,193,5er,150000,2,petrol,bmw,no,03-04-2016 00:00,0,86157,06-04-2016 08:16
25-03-2016 14:40,VW_Golf_6___Klima___Alu___Scheckheft_!!!,privat,Angebot,7750,control,,2017,manual,80,golf,100000,1,petrol,volkswagen,,25-03-2016 00:00,0,48499,31-03-2016 21:47
04-04-2016 14:06,Mercedes_Benz_B180_automatic,privat,Angebot,13500,test,bus,2012,automatic,109,b_klasse,150000,7,diesel,mercedes_benz,no,04-04-2016 00:00,0,35576,05-04-2016 12:09
30-03-2016 08:50,BMW_120i_Cabrio_mit_M_Paket,privat,Angebot,14800,control,cabrio,2008,manual,170,1er,125000,4,petrol,bmw,,30-03-2016 00:00,0,48691,07-04-2016 00:17
07-03-2016 18:57,Fiat_punto_5_tuerer__6_gang,privat,Angebot,2000,control,,2017,manual,90,punto,150000,11,diesel,fiat,yes,07-03-2016 00:00,0,66115,07-03-2016 18:57
04-04-2016 10:57,Verkaufe_meinen_kleinen_wegen_neu_Anschaffung,privat,Angebot,1400,control,,2016,manual,55,andere,5000,1,,hyundai,,04-04-2016 00:00,0,34454,06-04-2016 12:45
29-03-2016 18:53,Bmw_318_d_Sport_Edition_Facelift,privat,Angebot,7999,control,limousine,2008,automatic,143,3er,150000,12,diesel,bmw,,29-03-2016 00:00,0,71083,06-04-2016 04:45
17-03-2016 07:56,Opel_signum_1.9_cdti,privat,Angebot,4700,control,kombi,2005,manual,0,signum,150000,0,,opel,no,17-03-2016 00:00,0,88433,04-04-2016 04:17
26-03-2016 10:39,auto_opel_astra,privat,Angebot,550,test,kombi,1999,manual,0,astra,150000,8,diesel,opel,yes,26-03-2016 00:00,0,56759,01-04-2016 23:17
21-03-2016 01:59,BMW_435i_Sport_coupe,privat,Angebot,39600,test,coupe,2014,automatic,306,andere,30000,7,petrol,bmw,no,21-03-2016 00:00,0,10435,03-04-2016 23:16
22-03-2016 17:56,Smart_Cabrio_TÜV_bis_07/17,privat,Angebot,3000,control,cabrio,2006,automatic,61,fortwo,80000,1,petrol,smart,no,22-03-2016 00:00,0,12055,22-03-2016 17:56
10-03-2016 20:53,Seat_inca_1.9SDI___LKW_Zulassung___TÜV_NEU,privat,Angebot,2399,test,,2018,manual,64,andere,125000,3,,seat,no,10-03-2016 00:00,0,33397,25-03-2016 10:17
31-03-2016 08:57,Volkswagen_Golf_1.6_Comfortline,privat,Angebot,1000,control,limousine,1998,manual,101,golf,150000,10,petrol,volkswagen,no,31-03-2016 00:00,0,39624,06-04-2016 03:15
29-03-2016 15:48,TAUSCHE_BMW_E38_740i_g._SUV_/_GELÄNDEWAGEN_LESEN_LESEN,privat,Angebot,1,control,suv,1994,manual,286,,150000,11,,sonstige_autos,,29-03-2016 00:00,0,53721,06-04-2016 01:44
26-03-2016 07:54,Bmw_316i_compact.____200€,privat,Angebot,200,test,coupe,1995,manual,102,3er,150000,4,petrol,bmw,,26-03-2016 00:00,0,23560,01-04-2016 20:46
25-03-2016 19:44,Audi_A8_3.0_TDI_quattro,privat,Angebot,7499,test,limousine,2004,automatic,232,a8,150000,3,diesel,audi,yes,25-03-2016 00:00,0,71711,07-04-2016 01:44
30-03-2016 12:49,Skoda_Fabia_1.2,privat,Angebot,5500,control,kleinwagen,2010,manual,60,fabia,70000,4,petrol,skoda,no,30-03-2016 00:00,0,57076,07-04-2016 03:44
08-03-2016 12:54,Volkswagen_Jetta_1.9_TDI_DSG_DPF_Sportline,privat,Angebot,7000,test,limousine,2006,automatic,105,jetta,100000,10,diesel,volkswagen,no,08-03-2016 00:00,0,6242,11-03-2016 17:16
07-03-2016 22:36,BMW_325_i_Cabrio_wenig_Kilometer,privat,Angebot,14999,test,cabrio,2007,manual,218,3er,50000,8,petrol,bmw,no,07-03-2016 00:00,0,1129,15-03-2016 10:17
28-03-2016 17:41,Opel_Astra_1.4_mit_vielen_Extras!!!!,privat,Angebot,10900,test,,2017,manual,101,astra,50000,3,,opel,no,28-03-2016 00:00,0,63607,06-04-2016 23:15
15-03-2016 14:50,Volkswagen_Scirocco_1.4_TSI___Top_Zustand_!!!!,privat,Angebot,9700,test,coupe,2008,manual,160,scirocco,150000,8,petrol,volkswagen,no,15-03-2016 00:00,0,55218,06-04-2016 04:17
21-03-2016 12:47,Honda_HRV_reserviert!!!,privat,Angebot,2100,control,suv,2000,manual,105,andere,150000,8,petrol,honda,no,09-02-2016 00:00,0,85244,31-03-2016 16:46
15-03-2016 09:51,Mercedes_Benz_190,privat,Angebot,1280,control,limousine,1992,automatic,109,andere,150000,9,petrol,mercedes_benz,,15-03-2016 00:00,0,86163,05-04-2016 19:18
01-04-2016 11:56,Opel_astra_g_coupe_1.8_liter_petroler,privat,Angebot,1200,test,coupe,2001,,0,astra,150000,0,,opel,,01-04-2016 00:00,0,47249,07-04-2016 08:46
08-03-2016 01:36,Volkswagen_Polo,privat,Angebot,800,control,kleinwagen,1993,manual,0,polo,150000,3,petrol,volkswagen,no,08-03-2016 00:00,0,8258,05-04-2016 23:46
07-03-2016 08:55,BMW_520i_E39,privat,Angebot,2300,control,,1997,manual,150,5er,150000,3,,bmw,no,07-03-2016 00:00,0,79341,22-03-2016 05:15
05-03-2016 16:45,Ford_Fiesta,privat,Angebot,750,control,kleinwagen,2002,manual,50,fiesta,150000,4,petrol,ford,no,05-03-2016 00:00,0,70327,11-03-2016 06:16
22-03-2016 17:45,Mercedes_Benz_C_180_T_Kompressor_Avantgarde,privat,Angebot,7999,control,kombi,2008,manual,156,c_klasse,150000,10,petrol,mercedes_benz,no,22-03-2016 00:00,0,83355,25-03-2016 09:47
31-03-2016 18:46,VW_Golf_V_Plus_TDI_1_8,privat,Angebot,6600,control,limousine,2006,manual,105,golf,150000,10,diesel,volkswagen,no,31-03-2016 00:00,0,41812,31-03-2016 18:46
17-03-2016 09:48,Nissan_Micra_1.2_CVT,privat,Angebot,7999,test,kleinwagen,2013,manual,80,micra,40000,4,petrol,nissan,no,17-03-2016 00:00,0,46145,06-04-2016 07:44
11-03-2016 14:50,MB_Vito_Transporter_108_CDI,privat,Angebot,1400,control,andere,2003,manual,82,vito,150000,8,diesel,mercedes_benz,no,11-03-2016 00:00,0,4668,11-03-2016 14:50
31-03-2016 22:48,Golf_4_TDi_1_9.__3_tuerig,privat,Angebot,800,test,,2000,manual,90,golf,150000,2,diesel,volkswagen,,31-03-2016 00:00,0,32584,06-04-2016 19:15
10-03-2016 10:50,Mercedes_Benz_311_CDI_Sprinter_DOKA_6_SITZ._TÜV/AU_NEU,privat,Angebot,5000,test,bus,2006,manual,109,sprinter,150000,4,diesel,mercedes_benz,no,10-03-2016 00:00,0,26382,12-03-2016 14:45
11-03-2016 23:42,Mercedes_Benz_E_250_CDI_Mod.2011_automatic_NAVI_XENON_Glasdach,privat,Angebot,20300,test,limousine,2010,automatic,204,e_klasse,80000,12,diesel,mercedes_benz,no,11-03-2016 00:00,0,51491,03-04-2016 01:26
17-03-2016 18:52,Opel_Astra_F_Cabrio,privat,Angebot,150,control,,2016,manual,75,astra,150000,3,petrol,opel,yes,17-03-2016 00:00,0,78315,05-04-2016 03:45
01-04-2016 22:39,muss_dringend_weg_!!!_2_mal_Alfa_romeo_156_Zu_Verkaufen,privat,Angebot,250,test,kombi,2000,manual,155,156,150000,0,petrol,alfa_romeo,yes,01-04-2016 00:00,0,8396,05-04-2016 20:18
03-04-2016 12:56,Bastler_Fahrzeug_mit_Rest_Tuev,privat,Angebot,350,control,kleinwagen,1997,manual,54,,150000,3,,fiat,yes,03-04-2016 00:00,0,45665,05-04-2016 11:47
09-03-2016 21:46,Ford_Escort_CLX,privat,Angebot,600,test,limousine,1994,manual,75,escort,100000,6,petrol,ford,yes,09-03-2016 00:00,0,37359,05-04-2016 23:44
23-03-2016 18:59,Mercedes_Benz_C_220_T_CDI_Avantgarde,privat,Angebot,3300,test,kombi,2005,manual,150,c_klasse,150000,9,diesel,mercedes_benz,yes,23-03-2016 00:00,0,29221,23-03-2016 18:59
12-03-2016 19:46,SUBARU_FORESTER,privat,Angebot,1600,test,kombi,1997,automatic,122,forester,150000,10,petrol,subaru,no,12-03-2016 00:00,0,87497,15-03-2016 06:46
29-03-2016 14:58,Volvo_XC90_AWD_D5_Kinetic_Leder_Standheizung_AHK_Gruene_Umweltpl,privat,Angebot,8000,test,suv,2005,manual,185,xc_reihe,150000,8,diesel,volvo,,29-03-2016 00:00,0,96472,03-04-2016 23:18
13-03-2016 19:52,Mitsubishi_L_400,privat,Angebot,1800,control,bus,2001,manual,87,andere,150000,7,diesel,mitsubishi,no,13-03-2016 00:00,0,24116,17-03-2016 13:47
08-03-2016 13:49,Fiesta_Titanium_1.25,privat,Angebot,6800,control,kleinwagen,2009,manual,82,fiesta,60000,12,petrol,ford,no,08-03-2016 00:00,0,51065,05-04-2016 19:18
07-03-2016 17:38,Renault_Scenic,privat,Angebot,2990,test,bus,2004,manual,113,scenic,150000,12,petrol,renault,no,07-03-2016 00:00,0,41836,09-03-2016 06:15
28-03-2016 09:37,MERCEDES_BENZ_W124_250D_83KW_/_113PS___SCHLACHTFEST_!!!_Preis:_1€,privat,Angebot,1,control,limousine,1995,manual,113,e_klasse,150000,4,diesel,mercedes_benz,no,28-03-2016 00:00,0,40589,06-04-2016 12:15
23-03-2016 11:53,A4_Diesel_Leder_Top___NAVI,privat,Angebot,2400,test,limousine,2003,manual,0,a4,150000,9,diesel,audi,,23-03-2016 00:00,0,40210,23-03-2016 11:53
02-04-2016 23:25,Senator_A2__3_0E__180PS__CD_Ausstattung.,privat,Angebot,1222,control,limousine,1984,automatic,180,andere,150000,3,petrol,opel,,02-04-2016 00:00,0,57290,06-04-2016 14:44
16-03-2016 07:56,FORD_KA___TÜV_ABGELAUFEN,privat,Angebot,250,control,,2000,,60,ka,150000,0,,ford,,16-03-2016 00:00,0,51427,21-03-2016 09:47
10-03-2016 11:44,Audi_A1_1.2_TFSI_S_Line,privat,Angebot,14500,test,kleinwagen,2013,manual,86,a1,60000,4,petrol,audi,no,10-03-2016 00:00,0,31582,07-04-2016 01:15
28-03-2016 16:37,unfall_Opel_insignia_voll_Ausstattung__TÜV_neu__ideal_fuer_Bastler,privat,Angebot,8390,test,,2009,,0,insignia,150000,0,,opel,,28-03-2016 00:00,0,29221,30-03-2016 07:44
25-03-2016 18:44,Volkswagen_Passat_1.9_TDI,privat,Angebot,3850,test,limousine,2003,manual,131,passat,150000,5,diesel,volkswagen,no,25-03-2016 00:00,0,30459,07-04-2016 00:16
31-03-2016 10:53,BMW_318d_Aut.__Xenon__Navi__Sportsitze_FESTREIS!,privat,Angebot,23490,control,limousine,2013,automatic,143,3er,40000,6,diesel,bmw,no,31-03-2016 00:00,0,49356,06-04-2016 03:44
26-03-2016 15:38,VW_t5_kastenwagen,privat,Angebot,6450,test,bus,2008,manual,84,transporter,150000,12,,volkswagen,no,26-03-2016 00:00,0,44623,06-04-2016 03:17
01-04-2016 12:45,Mercedes_A_Klasse____Top_Zustand___TÜV/AU___neu_!_Halbautomatic,privat,Angebot,1700,test,kleinwagen,1999,automatic,102,a_klasse,125000,11,petrol,mercedes_benz,no,01-04-2016 00:00,0,12305,01-04-2016 12:45
11-03-2016 19:00,OPEL_COMBO_2008__TÜV_Neu_bis_02.2018__DIESEL___LKW_ZULLASUNG,privat,Angebot,4290,test,bus,2008,manual,0,combo,150000,2,diesel,opel,no,11-03-2016 00:00,0,23568,05-04-2016 22:45
28-03-2016 00:56,Ford_Focus_Turnier_1.6_TDCi_DPF,privat,Angebot,1500,control,kombi,2006,manual,109,focus,150000,10,diesel,ford,no,27-03-2016 00:00,0,74223,02-04-2016 11:47
15-03-2016 17:41,Audi_A4_B5_1_6_Liter,privat,Angebot,499,control,limousine,1995,manual,101,a4,150000,5,petrol,audi,,15-03-2016 00:00,0,85414,22-03-2016 20:48
16-03-2016 16:44,Hyundai_Genesis_Coupe_GT_3.8_V6_automatic,privat,Angebot,22999,control,coupe,2012,automatic,303,andere,50000,4,petrol,hyundai,no,16-03-2016 00:00,0,88167,06-04-2016 20:18
01-04-2016 09:54,Audi_a4_2.5_TDI_Tausch_moeglich,privat,Angebot,6500,test,limousine,2004,manual,163,a4,150000,4,diesel,audi,,01-04-2016 00:00,0,97450,01-04-2016 09:54
26-03-2016 07:36,verkaufe_Mercedes_Benz_220_CDI_Sport_8_fach_Bereift,privat,Angebot,900,test,kombi,1999,manual,125,c_klasse,150000,7,diesel,mercedes_benz,no,26-03-2016 00:00,0,37130,29-03-2016 11:44
21-03-2016 10:47,BMW_316_automaticgetriebe_Klimaanlage,privat,Angebot,650,test,limousine,1997,automatic,102,3er,150000,8,petrol,bmw,,21-03-2016 00:00,0,13357,22-03-2016 14:49
20-03-2016 12:59,Ford_Escort_Cabrio,privat,Angebot,300,test,cabrio,1992,manual,105,escort,150000,0,,ford,yes,20-03-2016 00:00,0,88515,06-04-2016 13:15
02-04-2016 12:54,Audi_TT_Coupe_1.8_T_quattro,privat,Angebot,3399,test,coupe,1999,manual,224,tt,150000,9,petrol,audi,yes,02-04-2016 00:00,0,61276,05-04-2016 19:44
23-03-2016 10:59,Volkswagen_Passat_Variant_1.6_Kombi_mit_TÜV_und_AHK,privat,Angebot,1300,control,kombi,1997,manual,101,passat,150000,10,petrol,volkswagen,no,23-03-2016 00:00,0,4277,29-03-2016 04:46
16-03-2016 23:25,Honda_Civic_EG4,privat,Angebot,900,test,,1995,manual,90,civic,150000,3,petrol,honda,,16-03-2016 00:00,0,35789,19-03-2016 17:19
22-03-2016 17:44,530d_XDRIVE_235_PS,privat,Angebot,7300,control,limousine,2009,automatic,235,5er,100000,3,diesel,bmw,no,22-03-2016 00:00,0,83022,22-03-2016 17:44
26-03-2016 15:47,Opel_Astra_Twin_Top_2.0_Turbo,privat,Angebot,8599,test,cabrio,2006,manual,200,astra,125000,9,petrol,opel,no,26-03-2016 00:00,0,79761,06-04-2016 04:15
03-04-2016 03:57,Opel_Corsa_TÜV_bis_Ende_2016,privat,Angebot,350,test,kleinwagen,1998,,0,corsa,150000,2,petrol,opel,,03-04-2016 00:00,0,82110,03-04-2016 08:53
19-03-2016 18:40,Golf_IV_1.4_16V,privat,Angebot,0,test,,2017,manual,0,golf,5000,12,petrol,volkswagen,,19-03-2016 00:00,0,21698,01-04-2016 08:47
14-03-2016 20:37,Audi_A6_2_5_TDi_Quattro_Avant_Automatic__Turbo__Kombi__132_KW__2_,privat,Angebot,5900,control,kombi,2005,automatic,178,a6,150000,1,diesel,audi,no,14-03-2016 00:00,0,88131,06-04-2016 07:17
20-03-2016 18:38,Volkswagen_Golf_1.8_5V_Turbo,privat,Angebot,6300,test,limousine,2002,manual,265,golf,150000,3,petrol,volkswagen,no,20-03-2016 00:00,0,56759,07-04-2016 01:45
04-04-2016 09:50,Volkswagen_Corrado_1.8_G60,privat,Angebot,3500,control,coupe,1991,manual,160,andere,150000,5,petrol,volkswagen,no,04-04-2016 00:00,0,66111,06-04-2016 11:17
20-03-2016 18:53,Polo_6n_Karosse_zu_verschenken,privat,Angebot,0,test,kleinwagen,1999,,0,,5000,0,petrol,volkswagen,,20-03-2016 00:00,0,37520,07-04-2016 02:45
09-03-2016 17:47,BMW_320d_DPF,privat,Angebot,5950,test,limousine,2006,manual,163,3er,150000,1,diesel,bmw,yes,09-03-2016 00:00,0,63526,10-03-2016 14:15
03-04-2016 12:45,Honda_yeszz_1.2_S,privat,Angebot,1699,control,kleinwagen,2003,manual,77,yeszz,150000,8,petrol,honda,no,03-04-2016 00:00,0,42105,07-04-2016 14:57
20-03-2016 13:54,Volkswagen_vw_t4_Einzelstueck,privat,Angebot,4699,test,bus,1996,manual,110,transporter,150000,8,petrol,volkswagen,no,20-03-2016 00:00,0,79713,25-03-2016 13:45
23-03-2016 12:54,Motorschaden_steuerrichmen_gerissen,privat,Angebot,400,control,limousine,2000,manual,144,omega,150000,10,,opel,yes,23-03-2016 00:00,0,45968,05-04-2016 12:45
12-03-2016 22:57,Volkswagen_Polo_1.4_FSI_Team,privat,Angebot,9290,control,kleinwagen,2010,manual,86,polo,40000,5,petrol,volkswagen,no,12-03-2016 00:00,0,35630,26-03-2016 06:17
18-03-2016 11:25,Mercedes_Benz_Kabrio__Limousine___mit_Gas_Umbau....,privat,Angebot,7000,control,limousine,2003,manual,120,slk,150000,5,petrol,mercedes_benz,no,18-03-2016 00:00,0,57578,23-03-2016 08:44
01-04-2016 17:56,Servo_Klima_Zv__usw,privat,Angebot,1199,test,kleinwagen,2000,manual,60,twingo,150000,5,petrol,renault,no,01-04-2016 00:00,0,28832,05-04-2016 13:44
27-03-2016 12:36,Ford_Focus_1_6l*Klima*TÜV*,privat,Angebot,1750,test,limousine,2002,manual,75,focus,125000,1,petrol,ford,no,27-03-2016 00:00,0,33330,27-03-2016 12:36
18-03-2016 23:41,Volkswagen_Golf_CL,privat,Angebot,1000,test,limousine,1990,manual,54,golf,150000,2,petrol,volkswagen,no,18-03-2016 00:00,0,47447,05-04-2016 23:16
11-03-2016 20:55,BMW_740i,privat,Angebot,1800,control,limousine,1995,automatic,286,7er,150000,12,petrol,bmw,yes,11-03-2016 00:00,0,77866,20-03-2016 10:17
20-03-2016 10:54,VW_Golf_6_1.4_Comfortline,privat,Angebot,8000,control,,2009,manual,0,golf,100000,10,petrol,volkswagen,no,20-03-2016 00:00,0,94139,06-04-2016 07:45
16-03-2016 18:37,Opel_Combo_1.7_DTI___Kasten___Lkw_Zulassung___Euro3,privat,Angebot,1100,control,bus,2003,manual,75,combo,150000,3,diesel,opel,no,16-03-2016 00:00,0,96224,24-03-2016 11:46
09-03-2016 20:37,Mercedes_Benz_E_270_T_CDI,privat,Angebot,2990,test,kombi,2001,automatic,170,e_klasse,150000,1,diesel,mercedes_benz,no,09-03-2016 00:00,0,53520,17-03-2016 02:45
26-03-2016 19:37,Opel_Corsa_1.0_TÜV_bis_01/17,privat,Angebot,300,control,kleinwagen,2000,manual,54,corsa,150000,0,petrol,opel,,26-03-2016 00:00,0,59379,06-04-2016 09:15
20-03-2016 18:47,BMW_E36_328i_Coupe_Schalter,privat,Angebot,3390,test,,2000,,0,3er,150000,2,,bmw,,20-03-2016 00:00,0,45739,28-03-2016 19:48
31-03-2016 20:57,Volkswagen_Passat,privat,Angebot,2750,test,kombi,2001,manual,131,passat,150000,12,diesel,volkswagen,no,31-03-2016 00:00,0,90471,06-04-2016 16:45
28-03-2016 20:45,Fabia_II_Combi_Greenline_1_2_TDI_DPF_mit_Gebrauchtwagengarantie,privat,Angebot,6990,control,kombi,2012,manual,75,fabia,100000,5,diesel,skoda,no,28-03-2016 00:00,0,44894,03-04-2016 13:58
01-04-2016 22:55,Audi_Cabriolet_Typ_89_2.0L,privat,Angebot,4800,test,cabrio,1996,manual,116,80,150000,6,petrol,audi,no,01-04-2016 00:00,0,38300,05-04-2016 23:46
21-03-2016 16:45,Mercedes_Benz_C_220_CDI_DPF_automatic_Avantgarde,privat,Angebot,14499,control,limousine,2007,automatic,170,c_klasse,125000,5,diesel,mercedes_benz,no,21-03-2016 00:00,0,13439,06-04-2016 15:45
27-03-2016 20:51,Audi_80_5_Zylinder_b4_liebhaberfahrzeug,privat,Angebot,1450,control,limousine,1992,manual,136,,150000,0,,audi,no,27-03-2016 00:00,0,38709,05-04-2016 20:17
03-04-2016 15:58,Verkaufe_ein_toppen_golf5,privat,Angebot,4300,test,limousine,2005,manual,90,golf,150000,11,diesel,volkswagen,,03-04-2016 00:00,0,28779,05-04-2016 15:46
24-03-2016 14:38,Honda_Civic_1.6i,privat,Angebot,2499,test,limousine,2003,manual,110,civic,150000,12,petrol,honda,,24-03-2016 00:00,0,42853,24-03-2016 14:38
02-04-2016 10:59,Alfa_Romeo_147_1.9_JTD_8V_M_Jet__DPF,privat,Angebot,3450,test,limousine,2007,manual,120,147,150000,4,diesel,alfa_romeo,no,02-04-2016 00:00,0,86678,04-04-2016 07:51
01-04-2016 15:53,Mercedes_Benz_C180_mit_TÜV,privat,Angebot,350,test,limousine,1996,manual,122,c_klasse,150000,9,petrol,mercedes_benz,,01-04-2016 00:00,0,49685,05-04-2016 10:48
13-03-2016 01:57,BMW_530d_touring,privat,Angebot,3550,control,kombi,2000,automatic,184,5er,150000,11,diesel,bmw,no,13-03-2016 00:00,0,72525,06-04-2016 08:45
28-03-2016 19:06,Sehr_gepflegter_unfallfreier_Ford_C_Max_Style+_1_6_DPF_mit_AHK,privat,Angebot,8250,test,bus,2010,manual,109,c_max,125000,10,diesel,ford,no,28-03-2016 00:00,0,35606,07-04-2016 04:44
09-03-2016 09:51,renault_clio_TÜV_NEU_bis_03_2018_inzahlungname_moeglich,privat,Angebot,800,test,kleinwagen,1998,manual,54,clio,150000,11,petrol,renault,no,09-03-2016 00:00,0,34516,14-03-2016 11:46
14-03-2016 12:46,Audi_A4_b5_Avant_TÜV_10/17,privat,Angebot,1500,test,kombi,1996,manual,126,a4,150000,0,,audi,no,14-03-2016 00:00,0,24873,17-03-2016 00:45
31-03-2016 00:59,Mercedes_Benz_GLK_250_BlueTEC_4Matic_Standhzg_Alcantara_Voll,privat,Angebot,41900,control,suv,2014,automatic,204,glk,40000,9,diesel,mercedes_benz,no,30-03-2016 00:00,0,82131,06-04-2016 01:17
05-04-2016 09:55,BMW_330d_schadow_line,privat,Angebot,4200,control,kombi,2003,automatic,204,3er,150000,1,diesel,bmw,no,05-04-2016 00:00,0,53757,07-04-2016 13:16
06-03-2016 21:38,Audi_100_c3_typ_44_bj_1985_quattro_krarosse_mit_achsen,privat,Angebot,150,control,,1985,,0,100,150000,4,petrol,audi,,06-03-2016 00:00,0,87616,07-04-2016 02:16
27-03-2016 12:59,Volkswagen_Golf_3,privat,Angebot,1000,test,kleinwagen,1996,manual,75,golf,150000,3,petrol,volkswagen,no,27-03-2016 00:00,0,38640,01-04-2016 12:45
15-03-2016 12:50,Krankenfahrstuhl_25_kmh__zu_verkaufen.,privat,Angebot,300,control,,2005,manual,0,punto,40000,9,,fiat,yes,15-03-2016 00:00,0,26215,25-03-2016 04:19
09-03-2016 12:50,Peugeot_307_90_Grand_Filou,privat,Angebot,800,control,limousine,2004,manual,88,3_reihe,150000,9,petrol,peugeot,yes,09-03-2016 00:00,0,66333,20-03-2016 06:18
22-03-2016 10:50,Mercedes_C_200_Kompressor,privat,Angebot,2300,control,limousine,2000,manual,160,c_klasse,150000,5,petrol,mercedes_benz,no,22-03-2016 00:00,0,40231,22-03-2016 11:41
29-03-2016 07:56,Audi_A6_Avant_2_5tdi*Navi*automatic*Euro4*,privat,Angebot,4000,test,kombi,2003,automatic,163,a6,150000,6,diesel,audi,no,29-03-2016 00:00,0,22525,31-03-2016 01:47
27-03-2016 20:47,POLO_1.2_KILIMA_WIE_NEU,privat,Angebot,6799,control,kleinwagen,2009,,60,,20000,5,petrol,volkswagen,no,27-03-2016 00:00,0,89077,27-03-2016 20:47
11-03-2016 18:55,Opel_meriva_1.6_16_v_lpg__z16xe_no_OPC,privat,Angebot,0,test,bus,2004,manual,101,meriva,150000,10,lpg,opel,yes,11-03-2016 00:00,0,27432,12-03-2016 23:47
03-04-2016 18:58,BMW_Z4_roadster_2.2i_M_Paket__Klima__Xenon,privat,Angebot,9450,control,cabrio,2004,manual,170,z_reihe,150000,12,petrol,bmw,no,03-04-2016 00:00,0,65549,07-04-2016 11:15
22-03-2016 16:37,Fiat_Scudo_Bulli_Werkstattwagen_Diesel,privat,Angebot,0,test,,2006,,0,andere,5000,0,,fiat,,22-03-2016 00:00,0,44867,06-04-2016 06:17
09-03-2016 12:53,KIA_SPORTAGE,privat,Angebot,14500,control,,2017,manual,136,sportage,125000,5,diesel,kia,no,09-03-2016 00:00,0,49696,05-04-2016 23:45
10-03-2016 16:57,Mercedes_Benz_C_270_CDI_Elegance,privat,Angebot,6890,control,limousine,2003,manual,170,c_klasse,125000,2,diesel,mercedes_benz,no,10-03-2016 00:00,0,55743,01-04-2016 20:47
23-03-2016 14:45,Kia_Sorento__coole_Farbe_schaut......,privat,Angebot,7500,test,suv,2007,automatic,194,sorento,5000,11,petrol,kia,,23-03-2016 00:00,0,34314,05-04-2016 15:47
01-04-2016 16:06,Volkswagen_Golf_Function,privat,Angebot,800,control,limousine,1993,manual,0,golf,10000,9,petrol,volkswagen,yes,01-04-2016 00:00,0,65929,07-04-2016 11:17
08-03-2016 19:58,A_210_Evolution_AMG_Styling_absoluter_Festpreis,privat,Angebot,1499,test,kleinwagen,2002,manual,140,a_klasse,150000,10,,mercedes_benz,no,08-03-2016 00:00,0,16727,10-03-2016 17:44
19-03-2016 19:49,is_ales_ok,privat,Angebot,500,control,kleinwagen,1999,manual,0,,150000,0,petrol,renault,no,19-03-2016 00:00,0,26969,01-04-2016 11:17
28-03-2016 10:50,VW_Caddy_Lkw_Zulassung,privat,Angebot,1495,control,kombi,2001,,64,,150000,9,diesel,volkswagen,,28-03-2016 00:00,0,99086,04-04-2016 11:45
30-03-2016 10:50,Mitsubishi_Space_ohne_TÜV,privat,Angebot,300,test,kleinwagen,1994,manual,0,andere,150000,7,petrol,mitsubishi,,30-03-2016 00:00,0,26340,30-03-2016 10:50
04-04-2016 12:57,OPEL_astra_G_TÜV_NEU,privat,Angebot,1200,control,,2018,manual,75,astra,150000,0,,opel,no,04-04-2016 00:00,0,15344,06-04-2016 14:45
21-03-2016 23:51,VW_Golf_CL__2er_Golf____TÜV_bis_02/2018,privat,Angebot,850,test,limousine,1989,manual,69,golf,125000,11,petrol,volkswagen,no,21-03-2016 00:00,0,95485,05-04-2016 15:17
01-04-2016 22:49,Volkswagen_T5_Transporter,privat,Angebot,8500,test,bus,2007,manual,131,transporter,150000,12,diesel,volkswagen,no,01-04-2016 00:00,0,17291,05-04-2016 21:45
16-03-2016 12:53,Volvo_v40_mit_klima,privat,Angebot,300,test,kombi,1998,manual,0,v40,150000,6,petrol,volvo,no,16-03-2016 00:00,0,47137,25-03-2016 10:18
28-03-2016 01:36,Honda_Civic_1.4i,privat,Angebot,1500,test,limousine,2000,manual,75,civic,125000,11,petrol,honda,no,28-03-2016 00:00,0,12163,02-04-2016 11:47
01-04-2016 10:54,BMW_E34_518I,privat,Angebot,950,control,limousine,1995,manual,115,5er,150000,0,petrol,bmw,,01-04-2016 00:00,0,27751,07-04-2016 07:46
14-03-2016 12:54,Seat_Ibiza_1.2_12V,privat,Angebot,3200,test,kleinwagen,2004,manual,64,ibiza,80000,2,petrol,seat,no,14-03-2016 00:00,0,29633,05-04-2016 13:15
19-03-2016 13:36,Ford_C_MAX_1.6_TDCi_Titanium__7_Sitzer_Topausstattung,privat,Angebot,11890,test,bus,2011,manual,116,c_max,150000,4,diesel,ford,no,19-03-2016 00:00,0,97737,06-04-2016 18:48
28-03-2016 13:46,BMW_323_Ci_automatic__Sitzheizung__Sportauspuff__Alufelgen_17Zoll,privat,Angebot,2900,test,coupe,2000,automatic,170,3er,150000,2,petrol,bmw,no,28-03-2016 00:00,0,53332,30-03-2016 04:17
07-03-2016 12:38,Ford_Mustang_GT_V8_Cabrio_Premium_Neuwagenzustand,privat,Angebot,19750,test,cabrio,2006,manual,305,mustang,50000,7,petrol,ford,no,07-03-2016 00:00,0,38350,12-03-2016 20:18
16-03-2016 12:46,Volkswagen_Eos_2.0_FSI,privat,Angebot,9800,test,cabrio,2006,manual,150,eos,60000,11,petrol,volkswagen,no,16-03-2016 00:00,0,47198,06-04-2016 07:16
18-03-2016 12:39,Ford_Fiesta_1.4_Ghia_Klima__Scheckheft__Tuev_NEU!!,privat,Angebot,1990,control,kleinwagen,2003,manual,80,fiesta,125000,4,petrol,ford,no,18-03-2016 00:00,0,13469,18-03-2016 12:39
18-03-2016 06:36,Mercedes_Benz_Vito_115_CDI_Extralang_DPF_Aut.,privat,Angebot,10500,control,bus,2006,automatic,150,vito,150000,6,diesel,mercedes_benz,no,18-03-2016 00:00,0,33729,05-04-2016 21:47
24-03-2016 15:38,Opel_Astra_J_Design_Edition_1.7_CDTI_ecoflex,privat,Angebot,11000,test,limousine,2012,manual,131,astra,70000,3,diesel,opel,no,24-03-2016 00:00,0,34613,05-04-2016 11:56
22-03-2016 10:55,Opel_Sintra_2.2__7_Sitzer,privat,Angebot,300,control,bus,1997,manual,0,andere,150000,7,petrol,opel,,22-03-2016 00:00,0,24147,28-03-2016 00:15
21-03-2016 00:59,Mercedes_Benz_E320_Cdi_/TÜV_05.2017_//Vollaustattung,privat,Angebot,2390,test,kombi,2000,automatic,197,e_klasse,150000,5,diesel,mercedes_benz,no,20-03-2016 00:00,0,27474,05-04-2016 22:46
08-03-2016 20:58,Skoda_Fabia_Combi_1.2_TSI_DSG_Style,privat,Angebot,16449,control,kombi,2015,automatic,110,fabia,10000,8,petrol,skoda,no,08-03-2016 00:00,0,95502,06-04-2016 01:17
12-03-2016 17:47,BMW_e46_318i_touring,privat,Angebot,2999,test,kombi,2001,manual,0,3er,150000,7,petrol,bmw,,12-03-2016 00:00,0,45891,07-04-2016 09:17
21-03-2016 14:43,Skoda_Fabian_automatic._Kombi_petroler,privat,Angebot,3000,control,,2016,automatic,75,fabia,150000,0,petrol,skoda,,21-03-2016 00:00,0,24782,31-03-2016 17:45
28-03-2016 17:39,Audi_A4___1_8_TFSI___Xenon___Scheckheft___51_tkm___TOP_Zustand,privat,Angebot,14300,test,limousine,2011,manual,120,a4,60000,5,petrol,audi,no,28-03-2016 00:00,0,59494,06-04-2016 23:15
21-03-2016 19:06,Volkswagen_Polo_1.4_United_1._Hand,privat,Angebot,5999,test,kleinwagen,2009,manual,80,polo,125000,5,petrol,volkswagen,no,21-03-2016 00:00,0,65529,05-04-2016 20:47
10-03-2016 18:45,Audi_A6_Avant_2.5_TDI_quattro_S_line,privat,Angebot,3700,test,kombi,2003,automatic,179,a6,150000,11,diesel,audi,no,10-03-2016 00:00,0,64846,13-03-2016 00:16
10-03-2016 23:55,Volkswagen_Touran_1.9_TDI_DPF_Navi_PDC_Tempomat_AHK_TÜV_Neu,privat,Angebot,8999,test,bus,2007,manual,105,touran,90000,2,diesel,volkswagen,no,10-03-2016 00:00,0,26689,17-03-2016 09:16
16-03-2016 15:51,BMW_530xd_e60_EZ10/2008,privat,Angebot,14000,test,limousine,2008,,235,,150000,0,,bmw,no,12-02-2016 00:00,0,95131,07-04-2016 14:56
31-03-2016 16:57,Ford_Mustang_V8_390cui,privat,Angebot,25000,control,coupe,1968,automatic,305,mustang,90000,11,petrol,ford,no,31-03-2016 00:00,0,74547,06-04-2016 10:45
30-03-2016 22:51,Audi_80_1.8_in_tadellosem_Zustand._Erst_71.000_km!,privat,Angebot,2790,control,limousine,1992,manual,90,80,80000,3,petrol,audi,no,30-03-2016 00:00,0,1219,05-04-2016 15:46
20-03-2016 23:48,BMW_320i_Facelift,privat,Angebot,13400,control,limousine,2008,manual,170,3er,100000,12,petrol,bmw,no,20-03-2016 00:00,0,64289,07-04-2016 11:17
25-03-2016 15:56,Volkswagen_Golf_Plus_1.6_Goal,privat,Angebot,4900,test,bus,2006,manual,102,golf,150000,8,petrol,volkswagen,yes,25-03-2016 00:00,0,4288,06-04-2016 20:16
08-03-2016 21:52,Volkswagen_Golf_R32_4Motion_DSG,privat,Angebot,11299,control,limousine,2006,automatic,250,golf,150000,8,petrol,volkswagen,no,08-03-2016 00:00,0,22083,19-03-2016 09:46
03-04-2016 11:44,Golf_1_6_Family,privat,Angebot,550,control,andere,1997,manual,75,golf,150000,6,petrol,volkswagen,no,03-04-2016 00:00,0,96175,07-04-2016 12:45
21-03-2016 20:43,Hyundai_Getz_1.5_CRDi_VGT_GLS,privat,Angebot,1400,control,kleinwagen,2006,manual,88,getz,150000,7,diesel,hyundai,yes,21-03-2016 00:00,0,51147,02-04-2016 22:47
27-03-2016 12:47,VW_Polo_Coupe_86c_1990Bj._125193km,privat,Angebot,1200,test,coupe,1990,manual,45,,150000,0,petrol,volkswagen,,27-03-2016 00:00,0,83317,07-04-2016 08:17
22-03-2016 18:47,Opel_Insignia_2.0_CDTI_Sports_Tourer_Edition,privat,Angebot,9500,control,kombi,2011,manual,131,insignia,150000,12,diesel,opel,no,22-03-2016 00:00,0,31832,02-04-2016 13:15
20-03-2016 16:57,Volkswagen_Golf_Variant_1.9_TDI_Joker,privat,Angebot,1800,test,kombi,1999,manual,90,golf,150000,4,diesel,volkswagen,no,20-03-2016 00:00,0,1920,06-04-2016 22:47
24-03-2016 13:51,Renault_Twingo_Lazuli_sport_1.2_16V_TÜV_2_yeshre,privat,Angebot,2800,control,,2018,manual,75,twingo,125000,12,,renault,no,24-03-2016 00:00,0,86199,07-04-2016 05:17
08-03-2016 09:56,A3_2.0_TDI_Sportback_DPF_quattro,privat,Angebot,3200,control,kombi,2006,,0,a3,150000,11,diesel,audi,no,08-03-2016 00:00,0,41748,08-03-2016 09:56
04-04-2016 21:43,***_ACHTUNG_FORD_KA_NEU_TÜV_BIS_04/2087_ZU_VERKAUFEN_***,privat,Angebot,1350,test,kleinwagen,2002,manual,60,ka,150000,8,petrol,ford,,04-04-2016 00:00,0,24103,07-04-2016 00:15
02-04-2016 23:54,BMW_530d_Touring_Aut._TOP_Ausstattung!!!_Rabatt_!!,privat,Angebot,11000,test,kombi,2006,automatic,231,5er,150000,11,diesel,bmw,no,02-04-2016 00:00,0,76332,07-04-2016 07:16
03-04-2016 20:44,Nissan_Almera,privat,Angebot,1999,test,,2016,manual,110,almera,150000,9,diesel,nissan,,03-04-2016 00:00,0,10997,05-04-2016 21:17
31-03-2016 13:45,RENAULT_MEGANE_2.0_TURBO_COUPE_CABRIO_PRIVILEG,privat,Angebot,6900,control,cabrio,2006,manual,163,megane,100000,1,petrol,renault,no,31-03-2016 00:00,0,84416,06-04-2016 06:16
30-03-2016 16:39,BMW_730er_V8_automatic_aus_3er_Hand_top_fahrbereit__TÜV:07.16!!!,privat,Angebot,1600,test,limousine,1996,automatic,0,7er,150000,5,petrol,bmw,no,30-03-2016 00:00,0,12057,01-04-2016 10:45
01-04-2016 18:45,Audi_A6_Avant_2.7_TDI_DPF_multitronic,privat,Angebot,12999,control,kombi,2008,automatic,179,a6,150000,8,diesel,audi,no,01-04-2016 00:00,0,25551,05-04-2016 14:18
31-03-2016 12:58,BMW_BMW_535_d_xDrive_M_Sportpaket+Head_Up+Panorama++,privat,Angebot,18400,test,kombi,2011,automatic,313,5er,150000,11,diesel,bmw,no,31-03-2016 00:00,0,52477,31-03-2016 13:44
25-03-2016 01:36,Volkswagen_Vento_1.8_CLX,privat,Angebot,999,test,limousine,1995,manual,75,andere,150000,10,petrol,volkswagen,no,25-03-2016 00:00,0,76597,06-04-2016 06:45
27-03-2016 23:48,"Audi_A3_2.0_TDI_Sportback_DPF_S_tronic_Navi_Xenon_19""",privat,Angebot,12899,test,kombi,2009,automatic,140,a3,150000,9,diesel,audi,no,27-03-2016 00:00,0,51109,06-04-2016 02:15
31-03-2016 19:52,BMW_318d_DPF,privat,Angebot,10500,control,limousine,2010,manual,143,3er,150000,5,diesel,bmw,no,31-03-2016 00:00,0,29683,06-04-2016 14:18
13-03-2016 00:56,Smart_smart_&_pulse_cdi_TÜV_neu,privat,Angebot,2250,control,kleinwagen,2001,,41,fortwo,150000,10,diesel,smart,no,13-03-2016 00:00,0,78224,30-03-2016 01:47
02-04-2016 10:51,Volkswagen_Golf_1.4_Trendline,privat,Angebot,8500,test,limousine,2010,manual,80,golf,50000,3,petrol,volkswagen,no,02-04-2016 00:00,0,34385,02-04-2016 10:51
05-04-2016 11:48,"BMW_130i_LCI_M_Paket_ab_Werk_Xenon_Schiebedach_18""",privat,Angebot,14900,test,limousine,2007,manual,265,1er,150000,10,petrol,bmw,no,05-04-2016 00:00,0,14129,05-04-2016 11:48
17-03-2016 13:47,Golf_3_75PS_Klima_Schiebedach,privat,Angebot,500,control,kleinwagen,1994,manual,75,golf,150000,3,petrol,volkswagen,no,17-03-2016 00:00,0,23879,28-03-2016 14:45
11-03-2016 19:50,VW_Lupo_1_0_l_Tuev_6/2017_viele_Neuteile_verbaut,privat,Angebot,1200,test,kleinwagen,2002,manual,45,lupo,150000,9,petrol,volkswagen,no,11-03-2016 00:00,0,38707,20-03-2016 07:18
21-03-2016 15:43,Audi_A3_1.8_Ambiente,privat,Angebot,1250,control,limousine,1996,manual,125,a3,150000,9,petrol,audi,no,21-03-2016 00:00,0,63811,30-03-2016 01:18
04-04-2016 17:48,VW_Polo_Coupe_86c_in_rot__guter_Zustand__alltagsauto,privat,Angebot,370,test,kleinwagen,1992,manual,54,polo,125000,10,petrol,volkswagen,no,04-04-2016 00:00,0,30926,04-04-2016 17:48
16-03-2016 15:47,A6_Avant_Quattro,privat,Angebot,1000,test,kombi,1999,manual,165,a6,150000,0,,audi,,16-03-2016 00:00,0,50181,06-04-2016 17:46
12-03-2016 08:55,AB_SOFORT_Renault_19__Chamade__R19__88PS__Ph2__TÜV_05/17,privat,Angebot,350,control,limousine,1993,manual,88,r19,150000,3,petrol,renault,no,12-03-2016 00:00,0,6895,16-03-2016 08:16
15-03-2016 23:55,BMW_325d_Coupe,privat,Angebot,8600,control,coupe,2007,manual,197,3er,150000,4,diesel,bmw,no,15-03-2016 00:00,0,72116,16-03-2016 08:42
13-03-2016 18:47,Opel_zafira,privat,Angebot,2100,test,,2017,manual,0,zafira,150000,12,diesel,opel,,13-03-2016 00:00,0,24782,13-03-2016 18:47
07-03-2016 17:52,Volkswagen_Golf_Cabrio,privat,Angebot,2222,test,cabrio,1991,manual,98,golf,150000,3,petrol,volkswagen,no,07-03-2016 00:00,0,17495,06-04-2016 13:17
27-03-2016 18:54,Caddy_14d_1.6SDI,privat,Angebot,850,control,,1985,manual,54,caddy,150000,0,diesel,volkswagen,,27-03-2016 00:00,0,34471,05-04-2016 15:46
05-04-2016 08:57,BMW_325i_Aut.,privat,Angebot,11800,test,limousine,2005,automatic,218,3er,150000,11,petrol,bmw,no,05-04-2016 00:00,0,88255,07-04-2016 12:17
29-03-2016 23:57,Ford_C_Max_zu_verkaufen!,privat,Angebot,4000,control,bus,2008,manual,115,c_max,125000,6,diesel,ford,yes,29-03-2016 00:00,0,52525,06-04-2016 22:45
16-03-2016 11:46,Mercedes_Benz_CDI_Kombi_Elegance,privat,Angebot,4650,test,kombi,2005,automatic,150,c_klasse,150000,8,diesel,mercedes_benz,,16-03-2016 00:00,0,12109,20-03-2016 09:44
23-03-2016 11:42,Peugeot_206_1.4i_TÜV_NEU+8_Fach_Bereift+PANORAMADACH+4_TÜRER+,privat,Angebot,1450,test,kleinwagen,1999,manual,75,2_reihe,150000,8,petrol,peugeot,no,23-03-2016 00:00,0,21423,01-04-2016 15:15
23-03-2016 16:51,TÜV_NEU!_Top_Anfaengerauto!_Corsa_1.4,privat,Angebot,900,test,,2017,manual,60,corsa,150000,0,petrol,opel,no,23-03-2016 00:00,0,33602,23-03-2016 16:51
08-03-2016 13:55,Mondeo_TDCI_Bj._2002,privat,Angebot,800,control,kombi,2002,manual,115,mondeo,150000,12,diesel,ford,,08-03-2016 00:00,0,34253,10-03-2016 08:17
20-03-2016 11:38,Seat_Cordoba_Vario_1.9_TDI_TÜV_NEU!!_Gruene_Plakette!_VHB!,privat,Angebot,1600,test,kombi,2000,manual,90,cordoba,150000,11,,seat,no,20-03-2016 00:00,0,67346,26-03-2016 19:18
05-03-2016 15:55,Volkswagen_Golf_V_1.4_Top_Zustand_*TÜV*,privat,Angebot,2800,control,limousine,2004,manual,75,golf,100000,9,petrol,volkswagen,yes,05-03-2016 00:00,0,6295,16-03-2016 06:45
14-03-2016 15:56,Mercedes_Benz_C_200_T_CDI_Avantgarde_DPF,privat,Angebot,5499,control,kombi,2004,manual,122,c_klasse,150000,9,diesel,mercedes_benz,no,14-03-2016 00:00,0,60318,17-03-2016 07:17
28-03-2016 18:56,BMW_323i,privat,Angebot,5500,control,limousine,2000,manual,170,3er,150000,5,petrol,bmw,no,28-03-2016 00:00,0,41470,07-04-2016 01:16
16-03-2016 22:06,Mondeo_Tddi_Teile_gesucht,privat,Angebot,0,test,kombi,2001,manual,115,mondeo,150000,0,,ford,,16-03-2016 00:00,0,57627,26-03-2016 11:17
12-03-2016 08:51,Suzuki_LJ_80_fuer_Bastler,privat,Angebot,1000,control,suv,1982,manual,41,andere,150000,11,petrol,suzuki,,12-03-2016 00:00,0,56337,13-03-2016 00:45
26-03-2016 20:57,Audi_A4_Avant_2.0_TDI_Attraction_150PS_Xenon+_Navi+,privat,Angebot,22290,control,kombi,2013,manual,150,a4,50000,8,diesel,audi,no,26-03-2016 00:00,0,84048,06-04-2016 11:45
14-03-2016 09:54,ich_verkaufe_einen_Golf_5,privat,Angebot,3750,control,,2005,,75,golf,150000,0,,volkswagen,,14-03-2016 00:00,0,22115,20-03-2016 23:18
22-03-2016 11:59,Lancia_Phedra_2.0_16v_JTD_Emblema,privat,Angebot,1440,control,bus,2003,manual,109,andere,150000,11,diesel,lancia,no,22-03-2016 00:00,0,83317,22-03-2016 11:59
21-03-2016 14:56,Renault_Clio_1.4_RXE,privat,Angebot,1150,control,kleinwagen,2000,manual,75,clio,150000,3,petrol,renault,no,21-03-2016 00:00,0,44879,22-03-2016 19:20
05-03-2016 17:50,Volkswagen_Golf_2.0_GTD_Bremsen+Scheiben+TÜV_NEU_NAVI,privat,Angebot,15700,test,limousine,2011,manual,170,golf,90000,3,diesel,volkswagen,no,05-03-2016 00:00,0,32832,11-03-2016 16:17
17-03-2016 06:56,BMW_316i,privat,Angebot,899,control,coupe,1995,manual,102,3er,150000,8,petrol,bmw,no,17-03-2016 00:00,0,85640,20-03-2016 07:17
26-03-2016 10:48,Mercedes_E_Klasse_kotfuegel_richt,privat,Angebot,130,test,kombi,1998,,0,e_klasse,150000,0,,mercedes_benz,,26-03-2016 00:00,0,22047,05-04-2016 22:15
01-04-2016 14:38,Bmw_320i_Touring_mit_Lederausstattung_in_schwarz__Vollaustattung.,privat,Angebot,9200,test,kombi,2006,manual,150,3er,150000,1,petrol,bmw,no,01-04-2016 00:00,0,85659,05-04-2016 08:50
20-03-2016 12:58,Mercedes_Benz_Sprinter_313_CDI_Doka_3_5t,privat,Angebot,3350,test,bus,2000,manual,130,sprinter,150000,12,diesel,mercedes_benz,no,20-03-2016 00:00,0,96472,21-03-2016 15:21
01-04-2016 19:58,Renault_Clio_II_1.2_i_16V,privat,Angebot,2700,control,kleinwagen,2006,manual,75,clio,125000,6,petrol,renault,yes,01-04-2016 00:00,0,34582,05-04-2016 17:26
10-03-2016 10:46,Mazda_Premacy_1.9,privat,Angebot,800,test,bus,2001,automatic,114,andere,150000,4,petrol,mazda,yes,10-03-2016 00:00,0,35043,20-03-2016 15:45
06-03-2016 18:49,Nissan_350_Z,privat,Angebot,10200,control,coupe,2008,manual,0,andere,90000,6,petrol,nissan,,06-03-2016 00:00,0,71131,06-04-2016 22:17
03-04-2016 11:59,Audi_A6_2.0_TDI_DPF_multitronic,privat,Angebot,9800,control,limousine,2008,automatic,140,a6,150000,10,diesel,audi,no,03-04-2016 00:00,0,48249,03-04-2016 11:59
30-03-2016 20:42,Volkswagen_Golf_2.0_GTI_DSG,privat,Angebot,14700,control,limousine,2012,automatic,211,golf,60000,12,petrol,volkswagen,yes,30-03-2016 00:00,0,42283,07-04-2016 12:45
28-03-2016 22:55,Schicker__roter__Sportflitzer_GOLF_4_1_6,privat,Angebot,1200,control,limousine,1997,manual,101,golf,150000,1,petrol,volkswagen,,28-03-2016 00:00,0,10777,30-03-2016 21:18
01-04-2016 13:46,Mitsubishi_Colt_1300_GLi_|_original_65.500_Km_|_TÜV_neu,privat,Angebot,895,test,limousine,1995,manual,75,colt,70000,3,petrol,mitsubishi,no,01-04-2016 00:00,0,50823,01-04-2016 13:46
30-03-2016 21:39,Volkswagen_6n,privat,Angebot,950,test,kleinwagen,1995,manual,54,polo,150000,5,petrol,volkswagen,no,30-03-2016 00:00,0,34270,05-04-2016 11:45
10-03-2016 15:50,Subaru_Impreza_2.5i_US_Modell_sehr_selten___RS_STI_WRX__,privat,Angebot,8000,test,limousine,2006,manual,177,impreza,150000,0,,subaru,no,10-03-2016 00:00,0,66540,05-04-2016 13:17
16-03-2016 19:49,BMW_540ia_M_packet_Shadowline,privat,Angebot,6799,test,limousine,2002,automatic,286,5er,150000,2,lpg,bmw,no,16-03-2016 00:00,0,41836,07-04-2016 05:16
23-03-2016 19:54,Opel_Corsa_MIT_TÜV__Geringer_Verbrauch__ALUFELGEN_!!!,privat,Angebot,500,control,kleinwagen,1999,manual,56,corsa,150000,8,petrol,opel,no,23-03-2016 00:00,0,32756,23-03-2016 19:54
05-03-2016 18:38,Volkswagen_Polo_1.2_TSI_DSG_MATCH,privat,Angebot,11919,test,kleinwagen,2012,automatic,90,polo,30000,11,petrol,volkswagen,no,05-03-2016 00:00,0,6110,07-04-2016 04:46
21-03-2016 10:44,Porsche_Cayman_2.9___PCM/Navi___Sport_Chrono___TÜV_neu,privat,Angebot,25900,test,coupe,2009,manual,265,andere,125000,5,petrol,porsche,no,21-03-2016 00:00,0,93053,25-03-2016 06:17
25-03-2016 08:52,vw_golf_3_90ps_lederausstattung,privat,Angebot,300,control,kleinwagen,1993,manual,90,golf,150000,8,petrol,volkswagen,,25-03-2016 00:00,0,27412,04-04-2016 06:22
06-03-2016 09:48,Audi_A1_1.6_TDI_Attraction,privat,Angebot,10800,control,kleinwagen,2010,manual,105,a1,125000,12,diesel,audi,no,06-03-2016 00:00,0,24537,09-03-2016 22:18
07-03-2016 10:49,Opel_Vectra_Edition_2000_klimaautomatic_Standheizung___gepflegt,privat,Angebot,650,test,limousine,2002,manual,101,vectra,150000,1,petrol,opel,no,07-03-2016 00:00,0,16816,07-03-2016 10:49
10-03-2016 15:52,BMW_318i_touring,privat,Angebot,800,test,kombi,2000,manual,118,3er,150000,9,petrol,bmw,yes,10-03-2016 00:00,0,51647,10-03-2016 15:52
27-03-2016 21:50,Volkswagen_Lupo_1.4_TDI,privat,Angebot,1690,test,kleinwagen,2001,manual,75,lupo,150000,5,diesel,volkswagen,no,27-03-2016 00:00,0,45147,01-04-2016 23:44
04-04-2016 21:52,Megane_CC,privat,Angebot,3650,test,cabrio,2004,manual,113,megane,150000,9,petrol,renault,,04-04-2016 00:00,0,21739,07-04-2016 00:45
20-03-2016 19:49,Citroën_Berlingo_L1_1.6_HDi_75_Niveau_B,privat,Angebot,4850,test,bus,2009,manual,75,berlingo,80000,1,diesel,citroen,no,20-03-2016 00:00,0,42651,20-03-2016 19:49
04-04-2016 09:49,Mitsubishi_Colt_Tuev_07/2016,privat,Angebot,450,control,,2016,manual,0,,150000,3,petrol,mitsubishi,no,04-04-2016 00:00,0,59302,06-04-2016 11:17
09-03-2016 15:50,Mercedes__C220__CDI,privat,Angebot,1450,control,limousine,1999,manual,0,c_klasse,5000,8,,mercedes_benz,no,09-03-2016 00:00,0,39120,10-03-2016 01:17
05-03-2016 22:56,Volkswagen_Passat_Variant_2.0_TDI,privat,Angebot,4500,control,kombi,2007,manual,140,passat,150000,11,diesel,volkswagen,no,05-03-2016 00:00,0,93437,06-03-2016 04:40
03-04-2016 02:57,Volkswagen_Passat_Variant_2.0_5V_Comfortline_Family,privat,Angebot,3900,control,kombi,2003,manual,131,passat,150000,4,petrol,volkswagen,no,03-04-2016 00:00,0,39218,07-04-2016 09:44
29-03-2016 22:50,Volkswagen_Caravelle_Lang_DSG_Navi_Standheiz._VOLL,privat,Angebot,26999,test,bus,2013,automatic,140,transporter,80000,10,diesel,volkswagen,no,29-03-2016 00:00,0,83684,06-04-2016 11:47
09-03-2016 10:51,Volkswagen_Passat_Variant_1.6,privat,Angebot,750,control,kombi,2000,manual,101,passat,150000,3,petrol,volkswagen,no,09-03-2016 00:00,0,23758,09-03-2016 11:41
11-03-2016 00:55,"BMW_730d_VOLLAUSSTATTUNG__E38_""2.Hand""",privat,Angebot,5900,test,limousine,1999,automatic,184,7er,150000,10,diesel,bmw,no,10-03-2016 00:00,0,9405,05-04-2016 23:46
04-04-2016 23:48,Audi_A6_3.0_TDI_competition_S_Line_LED_BOSE,privat,Angebot,56900,control,limousine,2015,automatic,326,a6,5000,7,diesel,audi,no,04-04-2016 00:00,0,45525,07-04-2016 04:16
12-03-2016 15:55,Volkswagen_Golf_2.0,privat,Angebot,1100,control,limousine,2000,manual,116,golf,150000,4,petrol,volkswagen,no,12-03-2016 00:00,0,90439,12-03-2016 15:55
11-03-2016 13:52,Mercedes_Benz_CLS_350_CDI_4Matic_7G_TRONIC,privat,Angebot,48000,test,coupe,2014,automatic,265,andere,80000,10,diesel,mercedes_benz,no,11-03-2016 00:00,0,96123,05-04-2016 08:47
21-03-2016 17:36,Renault_Clio_III_Sport_RS_201,privat,Angebot,8400,control,kleinwagen,2009,manual,201,clio,70000,6,petrol,renault,no,21-03-2016 00:00,0,99713,30-03-2016 04:46
12-03-2016 07:26,Tausche_Youngtimer_Audi_80_mit_knapp_62000_km,privat,Angebot,1,test,limousine,1990,manual,90,80,70000,6,petrol,audi,no,11-03-2016 00:00,0,55122,26-03-2016 23:15
29-03-2016 14:54,VW_Golf_IV_1.4_16V_Motorschaden?,privat,Angebot,800,test,limousine,1998,manual,75,golf,150000,5,petrol,volkswagen,yes,29-03-2016 00:00,0,31275,06-04-2016 01:15
22-03-2016 19:56,Mercedes_Benz_ML_350_CDI_4Matic_7G_TRONIC_DPF_BRABUS_AMG,privat,Angebot,27500,test,suv,2009,automatic,224,m_klasse,150000,12,diesel,mercedes_benz,no,22-03-2016 00:00,0,54636,06-04-2016 13:16
25-03-2016 12:25,Volkswagen_Touran_1.4_TSI_Highline_R_Line_7Sitze/Standheiz.,privat,Angebot,14950,test,bus,2009,manual,140,touran,70000,3,petrol,volkswagen,no,25-03-2016 00:00,0,55129,07-04-2016 05:46
28-03-2016 18:38,BMW_Z4_roadster_2.2i,privat,Angebot,14900,control,cabrio,2004,manual,170,z_reihe,70000,6,petrol,bmw,no,28-03-2016 00:00,0,16321,07-04-2016 00:17
12-03-2016 16:44,BMW_535i,privat,Angebot,2950,control,limousine,1998,automatic,235,5er,150000,5,petrol,bmw,no,12-03-2016 00:00,0,97332,19-03-2016 19:16
29-03-2016 23:38,Audi_80_coupe_top_gepflegt_2_0,privat,Angebot,1500,control,coupe,1994,manual,116,,150000,8,,audi,no,29-03-2016 00:00,0,32791,06-04-2016 20:16
30-03-2016 23:56,VW_Tiguan_2.0_TDI_DPF_BlueMotion_Technology,privat,Angebot,12000,control,suv,2011,manual,101,tiguan,150000,7,diesel,volkswagen,no,30-03-2016 00:00,0,1069,31-03-2016 07:43
15-03-2016 19:58,Mercedes_Benz_C_220_T_CDI_Elegance,privat,Angebot,2500,control,kombi,2001,automatic,150,c_klasse,150000,11,diesel,mercedes_benz,no,15-03-2016 00:00,0,22549,04-04-2016 23:18
04-04-2016 17:44,Volkswagen_Golf_4_Cabrio_2.0l_petrol,privat,Angebot,2400,test,cabrio,2001,,115,golf,150000,8,petrol,volkswagen,no,04-04-2016 00:00,0,47533,06-04-2016 19:18
06-03-2016 08:36,Hyundai_i30_Withe_Edition,privat,Angebot,4600,test,,2017,manual,109,i_reihe,125000,0,petrol,hyundai,no,06-03-2016 00:00,0,93495,12-03-2016 10:16
17-03-2016 22:52,Mitsubishi_3000_GT,privat,Angebot,6000,test,coupe,1995,manual,286,andere,150000,4,petrol,mitsubishi,no,17-03-2016 00:00,0,36093,05-04-2016 18:45
07-03-2016 15:55,Ford_Fiesta_1.6_TDCi_Titanium,privat,Angebot,8950,control,kleinwagen,2012,manual,95,fiesta,60000,1,diesel,ford,no,07-03-2016 00:00,0,50968,05-04-2016 12:15
29-03-2016 23:55,Opel_corsa_Topp_mit_1_yeshr_tuev,privat,Angebot,590,control,limousine,1996,manual,0,corsa,150000,0,,opel,,29-03-2016 00:00,0,32052,06-04-2016 21:18
24-03-2016 11:48,Ford_Fiesta_aus_1._Hand_mit_Getriebeschaden,privat,Angebot,150,test,,2016,automatic,75,fiesta,50000,1,petrol,ford,yes,24-03-2016 00:00,0,32457,30-03-2016 11:48
06-03-2016 12:38,Ford_Mustang,privat,Angebot,18700,test,coupe,2009,automatic,213,mustang,80000,8,petrol,ford,no,06-03-2016 00:00,0,97424,06-04-2016 05:44
20-03-2016 21:47,VW_Polo_1_2_Match_Plus_Teilleder_Panorama_SHZ_PDC_Klimaautomatic,privat,Angebot,9500,test,limousine,2012,manual,69,polo,50000,11,petrol,volkswagen,,20-03-2016 00:00,0,91722,03-04-2016 07:00
31-03-2016 15:48,Volkswagen_Passat_3c_CC_2.0_TDI_DSG,privat,Angebot,11550,control,coupe,2009,automatic,140,passat,125000,12,diesel,volkswagen,no,31-03-2016 00:00,0,26931,31-03-2016 15:48
20-03-2016 10:44,Renault_Grand_Espace,privat,Angebot,1250,control,,2017,,0,espace,150000,8,petrol,renault,,20-03-2016 00:00,0,63073,22-03-2016 16:21
30-03-2016 16:47,BMW_316i,privat,Angebot,2400,test,limousine,1989,manual,102,3er,150000,10,petrol,bmw,no,30-03-2016 00:00,0,95364,03-04-2016 06:53
19-03-2016 16:40,VWTiguan_sehr_gepflegt,privat,Angebot,16150,test,suv,2011,manual,150,tiguan,30000,4,petrol,volkswagen,no,19-03-2016 00:00,0,6502,07-04-2016 02:15
23-03-2016 17:59,Sharan_dti,privat,Angebot,3400,control,bus,2000,manual,0,sharan,150000,10,diesel,volkswagen,no,23-03-2016 00:00,0,38259,29-03-2016 13:16
07-03-2016 06:14,Audi_1.Hand_Navi_Leder_Xenon,privat,Angebot,3000,test,coupe,2000,manual,179,tt,150000,2,petrol,audi,no,05-03-2016 00:00,0,55120,08-03-2016 10:18
28-03-2016 13:31,Volkswagen_Golf_1.9_TDI_Comfortline,privat,Angebot,5500,test,limousine,2004,manual,90,golf,150000,10,diesel,volkswagen,no,28-03-2016 00:00,0,56235,06-04-2016 07:46
01-04-2016 00:51,Mazda_6._Scheckheft,privat,Angebot,2000,test,limousine,2004,manual,122,6_reihe,5000,7,diesel,mazda,no,31-03-2016 00:00,0,54558,05-04-2016 00:44
22-03-2016 13:54,Twingo_1_2,privat,Angebot,300,control,kleinwagen,1998,manual,58,twingo,125000,11,,renault,,22-03-2016 00:00,0,42579,22-03-2016 13:54
18-03-2016 21:37,Verkaufe_Renault_Megane_Classic_mit_Klima,privat,Angebot,890,control,limousine,2000,manual,107,megane,150000,6,petrol,renault,yes,18-03-2016 00:00,0,41065,18-03-2016 21:37
10-03-2016 20:43,Honda_yeszz_1.4___5trg__mod_2006___klimatron___euro4___faehrt_super,privat,Angebot,2390,test,,2016,,83,yeszz,150000,12,petrol,honda,no,10-03-2016 00:00,0,78713,13-03-2016 03:17
07-03-2016 14:49,Mercedes_Benz_A_klasse,privat,Angebot,1450,control,,2017,,0,a_klasse,150000,8,petrol,mercedes_benz,,07-03-2016 00:00,0,45886,08-03-2016 00:15
10-03-2016 17:47,Astra_G__neu_TÜV,privat,Angebot,1699,control,limousine,1999,,75,astra,150000,12,petrol,opel,,10-03-2016 00:00,0,26817,16-03-2016 06:17
09-03-2016 19:58,Mitsubishi_L_300,privat,Angebot,2899,test,bus,1996,manual,69,andere,150000,9,diesel,mitsubishi,no,09-03-2016 00:00,0,13409,05-04-2016 14:18
04-04-2016 18:56,Volkswagen_Golf_1.4_Comfortline,privat,Angebot,4800,test,limousine,2004,manual,75,golf,80000,12,petrol,volkswagen,no,04-04-2016 00:00,0,22926,06-04-2016 21:16
29-03-2016 00:56,Peugeot_308_175_THP_Sport_Plus__Navi__Panorama__Teilled.,privat,Angebot,6799,test,limousine,2008,manual,174,3_reihe,90000,9,petrol,peugeot,no,29-03-2016 00:00,0,58095,05-04-2016 14:47
09-03-2016 18:53,VW_Touran___1.9_Diesel___6_Gang_Getriebe,privat,Angebot,3400,test,bus,2003,manual,100,touran,150000,0,diesel,volkswagen,,09-03-2016 00:00,0,41061,26-03-2016 04:45
20-03-2016 14:56,Opel_Astra_H_TÜV_neu,privat,Angebot,2650,test,limousine,2004,manual,125,astra,150000,6,petrol,opel,no,20-03-2016 00:00,0,96528,20-03-2016 14:56
16-03-2016 19:47,Renault_Clio_1.6_16_V,privat,Angebot,1000,test,kleinwagen,1999,manual,107,clio,150000,6,petrol,renault,no,16-03-2016 00:00,0,14612,07-04-2016 04:46
24-03-2016 14:56,Audi_a3_8l,privat,Angebot,800,test,coupe,1997,manual,125,a3,150000,0,petrol,audi,yes,24-03-2016 00:00,0,64739,29-03-2016 00:44
19-03-2016 10:54,Audi_A4_Cabriolet_3.0,privat,Angebot,5299,test,cabrio,2002,manual,220,a4,150000,4,petrol,audi,no,19-03-2016 00:00,0,80999,02-04-2016 14:46
19-03-2016 04:37,Mercedes_Benz_E_220,privat,Angebot,7150,test,limousine,2002,manual,150,e_klasse,150000,3,diesel,mercedes_benz,no,19-03-2016 00:00,0,70619,29-03-2016 18:45
21-03-2016 14:38,Tauache_90ccm_roller_gegen_auto,privat,Angebot,200,control,,2009,,0,,10000,0,,sonstige_autos,,21-03-2016 00:00,0,6493,24-03-2016 02:47
31-03-2016 14:39,Citroën_c4_Coupé_TÜV_2017,privat,Angebot,2300,control,coupe,2006,manual,88,c4,150000,6,petrol,citroen,no,31-03-2016 00:00,0,49565,05-04-2016 18:46
13-03-2016 13:38,Biete_BMW_318_i_Kombi_auch_Tausch,privat,Angebot,1600,test,kombi,1999,manual,0,,150000,6,petrol,bmw,no,13-03-2016 00:00,0,41199,28-03-2016 12:46
08-03-2016 16:46,Opel_Corsa._1_yeshr_Tuev.,privat,Angebot,350,test,,2017,,0,corsa,150000,0,petrol,opel,,08-03-2016 00:00,0,26655,08-03-2016 16:46
15-03-2016 18:50,VW_Golf_Plus_DPF_140_PS_Rentnerfahrzeug,privat,Angebot,5500,control,bus,2006,manual,140,golf,150000,8,diesel,volkswagen,no,15-03-2016 00:00,0,87656,04-04-2016 18:45
14-03-2016 12:42,Fiat_Panda_4x4_Raritaet,privat,Angebot,4400,test,kleinwagen,1997,manual,54,panda,125000,7,petrol,fiat,no,14-03-2016 00:00,0,78112,21-03-2016 02:16
01-04-2016 19:54,Audi_A3_2.0_TDI_Sportback_DPF,privat,Angebot,7950,control,limousine,2008,manual,140,a3,150000,10,diesel,audi,no,01-04-2016 00:00,0,26419,01-04-2016 19:54
05-03-2016 19:47,BMW_Z4_Coupe_3.0si_/Sommerfahrzeug,privat,Angebot,16500,test,coupe,2007,manual,265,z_reihe,150000,3,petrol,bmw,no,05-03-2016 00:00,0,71083,07-04-2016 12:17
05-03-2016 14:41,BMW_Z4_roadster_2.2i_automatic_Prof_Navi,privat,Angebot,8100,control,cabrio,2004,automatic,170,z_reihe,150000,9,petrol,bmw,no,05-03-2016 00:00,0,38723,19-03-2016 20:47
08-03-2016 02:36,VW_Buss_T5_Kastenwagen_mit_Klima_und_Anhaengerkupplung,privat,Angebot,3999,control,,2017,manual,85,transporter,150000,10,diesel,volkswagen,,08-03-2016 00:00,0,50321,09-03-2016 04:46
10-03-2016 12:57,Volkswagen_up!_ASG_high_up!,privat,Angebot,9750,test,kleinwagen,2013,automatic,75,up,60000,7,petrol,volkswagen,no,10-03-2016 00:00,0,99817,07-04-2016 06:45
03-04-2016 21:06,Mazda_3_2.2_MZR_CD_DPF_Sports_Line,privat,Angebot,7700,test,limousine,2009,manual,185,3_reihe,150000,5,diesel,mazda,no,03-04-2016 00:00,0,35510,05-04-2016 12:10
05-03-2016 14:25,PEUGEOT_306_Cabriolet_1_6_Saint_Tropez,privat,Angebot,2500,control,cabrio,1999,manual,88,3_reihe,150000,6,petrol,peugeot,,05-03-2016 00:00,0,65624,06-04-2016 22:15
31-03-2016 09:55,Smart_smart_&_passion,privat,Angebot,1195,control,kleinwagen,1999,automatic,54,fortwo,125000,11,petrol,smart,no,31-03-2016 00:00,0,86399,31-03-2016 10:45
15-03-2016 15:41,Renault_Clio_Grandtour_1.2_16V_75_Dynamique,privat,Angebot,9790,control,kombi,2014,manual,73,clio,30000,4,petrol,renault,no,15-03-2016 00:00,0,10249,29-03-2016 20:18
10-03-2016 17:39,Renault_Clio,privat,Angebot,1849,control,kleinwagen,1999,manual,54,clio,90000,7,petrol,renault,no,10-03-2016 00:00,0,53940,12-03-2016 22:18
28-03-2016 14:57,Smart_Fortwo_Coupe_cdi__schwarz_,privat,Angebot,3300,test,kleinwagen,2006,automatic,41,fortwo,125000,8,diesel,smart,no,28-03-2016 00:00,0,33719,30-03-2016 05:46
05-03-2016 14:47,Volkswagen_Transporter_T4_70B_1F2,privat,Angebot,650,control,kombi,1991,manual,77,transporter,150000,7,diesel,volkswagen,yes,05-03-2016 00:00,0,59348,07-04-2016 09:45
26-03-2016 13:53,Toyota_Celica_GT,privat,Angebot,2600,control,coupe,1998,manual,170,andere,150000,10,petrol,toyota,no,26-03-2016 00:00,0,9437,06-04-2016 01:47
16-03-2016 17:38,Mercedes_Benz_C_220_T_CDI_Avantgarde,privat,Angebot,11700,control,kombi,2008,manual,170,andere,150000,7,diesel,mercedes_benz,no,16-03-2016 00:00,0,91717,06-04-2016 23:16
21-03-2016 01:59,renault_gebraucht,privat,Angebot,600,test,bus,1998,manual,90,scenic,150000,6,petrol,renault,yes,21-03-2016 00:00,0,24143,26-03-2016 12:46
02-04-2016 15:43,Hyundai_i30cw_1.4_Cl._Sparauto_LPG_Gas__1._Hand_scheckh.,privat,Angebot,4950,control,kombi,2009,manual,109,i_reihe,150000,9,petrol,hyundai,no,02-04-2016 00:00,0,87439,06-04-2016 14:16
30-03-2016 21:38,LUPO_1.0_LPG_super_sparsam___8fach_bereift___TÜV_NEU_bis_03/2018!,privat,Angebot,1600,test,kleinwagen,2003,manual,50,lupo,150000,3,petrol,volkswagen,no,30-03-2016 00:00,0,55543,05-04-2016 11:45
11-03-2016 20:56,BMW_3er_318_Ci_Edition_Exclusive_M_Technic_CABRIO_8500€,privat,Angebot,8499,control,cabrio,2006,manual,150,3er,150000,3,petrol,bmw,no,11-03-2016 00:00,0,51515,06-04-2016 04:44
02-04-2016 16:44,Fiat_Sicento_Abart,privat,Angebot,1650,control,,2017,manual,0,seicento,60000,5,petrol,fiat,no,02-04-2016 00:00,0,91315,04-04-2016 14:16
09-03-2016 15:45,Volkswagen_Golf_1.6,privat,Angebot,1700,control,limousine,1999,manual,101,golf,150000,6,petrol,volkswagen,no,09-03-2016 00:00,0,37619,10-03-2016 11:17
19-03-2016 23:54,Kia_Ceed_1.4_CVVT_Attract_blau_metallic_SHZ_HU_2_/17,privat,Angebot,5750,control,limousine,2010,manual,90,ceed,100000,2,petrol,kia,no,19-03-2016 00:00,0,85665,06-04-2016 03:15
20-03-2016 18:49,Renault_Kangoo_1.2_16V_Authentique,privat,Angebot,600,test,bus,2001,manual,75,kangoo,150000,12,petrol,renault,yes,20-03-2016 00:00,0,58553,07-04-2016 02:44
06-03-2016 10:06,Sehr_sauber_vw_polo_Mit_klimaanlage,privat,Angebot,0,control,,2005,,0,polo,150000,0,petrol,volkswagen,,06-03-2016 00:00,0,35392,07-03-2016 19:12
25-03-2016 07:36,520_Navi__Klima___automatic...,privat,Angebot,8700,test,limousine,2004,automatic,170,5er,150000,1,petrol,bmw,no,25-03-2016 00:00,0,21682,06-04-2016 07:46
31-03-2016 14:53,Mercedes_Benz_E220CDI_Kombi_automatic,privat,Angebot,1200,control,kombi,1999,automatic,125,c_klasse,150000,2,diesel,mercedes_benz,no,31-03-2016 00:00,0,53123,06-04-2016 08:17
20-03-2016 11:44,Mazda_5_1.6_MZ_CD_Sendo,privat,Angebot,18880,test,bus,2014,manual,116,5_reihe,20000,11,diesel,mazda,no,20-03-2016 00:00,0,59872,06-04-2016 08:46
19-03-2016 17:48,BMW_520d_Touring_Aut.,privat,Angebot,11200,control,kombi,2008,automatic,177,5er,150000,7,diesel,bmw,no,19-03-2016 00:00,0,91301,01-04-2016 07:49
09-03-2016 20:45,Camaro_3.4_..V6,privat,Angebot,3550,test,limousine,1993,manual,0,andere,125000,11,petrol,chevrolet,,09-03-2016 00:00,0,54634,14-03-2016 15:15
28-03-2016 18:47,Seat_Ibiza_Sport,privat,Angebot,3900,control,kleinwagen,2003,manual,75,ibiza,125000,2,petrol,seat,no,28-03-2016 00:00,0,53572,07-04-2016 00:46
10-03-2016 18:53,BMW_118d_DPF,privat,Angebot,13849,test,limousine,2010,manual,143,1er,80000,12,diesel,bmw,no,10-03-2016 00:00,0,73485,06-04-2016 00:45
26-03-2016 19:58,Skoda_Yeti_1.2_TSI_Ambition,privat,Angebot,13200,control,suv,2013,manual,105,yeti,40000,3,petrol,skoda,no,26-03-2016 00:00,0,79400,06-04-2016 10:45
28-03-2016 20:56,Skoda_Fabia_1.4_16V_Combi_Elegance,privat,Angebot,2500,control,kombi,2001,manual,101,fabia,125000,8,petrol,skoda,no,28-03-2016 00:00,0,81541,07-04-2016 03:45
02-04-2016 20:50,Skoda_Fabia_1.2_HTP_Cool_Edition,privat,Angebot,2550,test,kleinwagen,2006,manual,54,fabia,150000,4,petrol,skoda,no,02-04-2016 00:00,0,27419,02-04-2016 20:50
10-03-2016 09:56,Skoda_Octavia_Combi_1.6_Gas_1.hand__Scheckheft,privat,Angebot,3900,test,kombi,2006,manual,102,octavia,150000,11,lpg,skoda,no,10-03-2016 00:00,0,26419,15-03-2016 19:15
16-03-2016 09:47,BMW_330i,privat,Angebot,2450,test,limousine,2001,manual,231,3er,150000,11,petrol,bmw,no,16-03-2016 00:00,0,85748,19-03-2016 06:46
03-04-2016 09:53,Opel_Corsa_B_1.2_TÜV_11/16_Webasto_Standheizung,privat,Angebot,500,control,kleinwagen,1996,manual,45,corsa,70000,4,petrol,opel,,03-04-2016 00:00,0,8496,07-04-2016 11:17
27-03-2016 18:37,Volkswagen_Passat_Variant_1.9_TDI,privat,Angebot,750,control,kombi,1998,manual,90,passat,150000,12,diesel,volkswagen,no,27-03-2016 00:00,0,35415,29-03-2016 14:30
23-03-2016 17:49,Opel_Zafira_irmscher,privat,Angebot,1799,control,bus,1999,automatic,116,zafira,150000,7,petrol,opel,no,23-03-2016 00:00,0,64579,25-03-2016 01:45
10-03-2016 17:58,Golf_3_mit_gas_Anlage,privat,Angebot,950,control,kleinwagen,1997,manual,0,golf,150000,6,,volkswagen,no,10-03-2016 00:00,0,53639,23-03-2016 16:21
15-03-2016 19:46,Seat_Mii_1.0_Style_Salsa_Sport_Navi__Klima__Tempom...,privat,Angebot,8150,control,kleinwagen,2012,manual,75,mii,60000,11,petrol,seat,no,15-03-2016 00:00,0,83646,16-03-2016 17:46
05-03-2016 14:14,Mazda_RX_8,privat,Angebot,3900,test,coupe,2004,manual,192,rx_reihe,125000,7,petrol,mazda,no,03-03-2016 00:00,0,57520,29-03-2016 05:18
08-03-2016 08:57,Peugeot_107_Klima,privat,Angebot,5500,test,kleinwagen,2012,manual,68,,40000,12,,peugeot,no,08-03-2016 00:00,0,24536,21-03-2016 21:44
30-03-2016 07:54,Opel_Corsa_1.4_ecoFLEX_Start/Stop_Color_Edition,privat,Angebot,9999,control,kleinwagen,2014,manual,90,corsa,20000,9,petrol,opel,no,30-03-2016 00:00,0,55294,06-04-2016 23:46
12-03-2016 19:00,Vw_golf_2_TÜV_neu_!!,privat,Angebot,1050,test,,2018,,0,golf,150000,0,,volkswagen,,12-03-2016 00:00,0,53567,07-04-2016 10:44
31-03-2016 19:50,!!!_Ford_Mondeo__mit_TÜV___das_ist_wichtig_Tausche__auch_!!!,privat,Angebot,500,control,kombi,2001,manual,131,mondeo,150000,12,diesel,ford,no,31-03-2016 00:00,0,66117,06-04-2016 14:17
29-03-2016 16:36,VW_Golf_1.8_Autogas_mit_petrol_4_Tuere,privat,Angebot,699,control,limousine,1992,manual,66,golf,150000,10,lpg,volkswagen,no,29-03-2016 00:00,0,67065,06-04-2016 02:15
05-04-2016 10:54,opel_astra_f_cabriolet,privat,Angebot,999,control,cabrio,1994,manual,115,astra,150000,3,petrol,opel,no,05-04-2016 00:00,0,56070,05-04-2016 12:26
03-04-2016 15:49,Audi_A6_4B_4_2_V8,privat,Angebot,6250,test,limousine,2003,,299,a6,150000,3,petrol,audi,,03-04-2016 00:00,0,49733,05-04-2016 15:16
17-03-2016 14:52,Volkswagen_T2_Bus,privat,Angebot,10000,control,bus,1976,,0,transporter,5000,0,petrol,volkswagen,,17-03-2016 00:00,0,73479,19-03-2016 14:21
23-03-2016 23:57,Peugeot__F__206_mit_Motorschaden,privat,Angebot,300,control,kleinwagen,2001,manual,0,,150000,5,petrol,peugeot,yes,23-03-2016 00:00,0,84579,25-03-2016 15:22
30-03-2016 13:53,BMW_635_CSi_!_Top_gepflegt_!_H_Kennz._!_TÜV_2017,privat,Angebot,16500,test,coupe,1983,manual,218,6er,150000,10,petrol,bmw,no,30-03-2016 00:00,0,42719,01-04-2016 08:18
14-03-2016 23:52,Ford_Focus_1.8__FFV__flexifuel_Style,privat,Angebot,6500,control,limousine,2007,manual,125,focus,125000,9,andere,ford,no,14-03-2016 00:00,0,97199,05-04-2016 11:51
11-03-2016 21:49,Corvette_Z06,privat,Angebot,49500,test,cabrio,2013,,0,,10000,6,petrol,sonstige_autos,no,11-03-2016 00:00,0,79774,13-03-2016 04:45
31-03-2016 19:43,Renault_Modus,privat,Angebot,1200,control,,2016,manual,75,modus,150000,0,petrol,renault,yes,31-03-2016 00:00,0,47546,31-03-2016 19:43
21-03-2016 23:53,Golf_Cabrio,privat,Angebot,1480,test,cabrio,2000,manual,74,golf,150000,6,petrol,volkswagen,,21-03-2016 00:00,0,19246,05-04-2016 14:17
26-03-2016 21:37,Fiat_Punto_188_SX__97.000km__TÜV__8_Fach_Bereifung__MP3_Radio,privat,Angebot,1490,control,kleinwagen,2000,manual,60,punto,100000,6,petrol,fiat,no,26-03-2016 00:00,0,59557,06-04-2016 14:15
30-03-2016 20:41,Opel_Astra_1.7_CDTI_Caravan_DPF_Catch_me_now,privat,Angebot,3200,control,kombi,2008,manual,110,astra,150000,5,diesel,opel,no,30-03-2016 00:00,0,47495,05-04-2016 09:52
04-04-2016 10:53,Audi_A6_Avant_2.5_TDI_TÜV_10.2017,privat,Angebot,3250,control,kombi,2003,manual,163,a6,150000,4,diesel,audi,no,04-04-2016 00:00,0,40789,06-04-2016 12:17
26-03-2016 22:56,Volkswagen_Fox_1.2__KLIMA,privat,Angebot,3400,test,kleinwagen,2006,manual,54,fox,70000,6,petrol,volkswagen,no,26-03-2016 00:00,0,33790,07-04-2016 01:46
28-03-2016 14:53,Renault_Twingo_mit_Faltdach,privat,Angebot,1100,test,kleinwagen,2002,manual,58,twingo,150000,5,petrol,renault,no,28-03-2016 00:00,0,44623,06-04-2016 19:16
25-03-2016 15:51,Opel_Vectra_2.2_DTI,privat,Angebot,1750,test,limousine,2002,manual,125,vectra,150000,4,diesel,opel,no,25-03-2016 00:00,0,73431,06-04-2016 20:16
29-03-2016 21:38,VW_Passat_2l_TDI_DSG_automatic,privat,Angebot,3300,test,kombi,2006,automatic,140,passat,150000,11,diesel,volkswagen,no,29-03-2016 00:00,0,33775,31-03-2016 15:16
02-04-2016 12:39,Chevrolet_Matiz_0.8_SE,privat,Angebot,1350,test,kleinwagen,2005,manual,52,matiz,150000,6,petrol,chevrolet,yes,02-04-2016 00:00,0,91207,06-04-2016 10:17
04-04-2016 10:46,Fiat_Panda_1.2_4x4_Climbing,privat,Angebot,8250,control,kleinwagen,2012,manual,69,panda,80000,2,petrol,fiat,no,04-04-2016 00:00,0,42555,06-04-2016 11:45
24-03-2016 21:50,Vw_beetle_highline_2_0_l_lederausstattung_+++,privat,Angebot,2500,test,kleinwagen,2000,manual,115,beetle,150000,1,petrol,volkswagen,no,24-03-2016 00:00,0,7987,05-04-2016 17:17
16-03-2016 03:03,Audi_A6_Avant_2.5_TDI_GRÜNE_Plakette_VOLL,privat,Angebot,3999,test,kombi,2004,automatic,163,a6,150000,3,diesel,audi,no,16-03-2016 00:00,0,18442,05-04-2016 23:16
31-03-2016 21:59,Mercedes_Benz_ML_63_AMG_4Matic_7G_TRONIC,privat,Angebot,21500,test,suv,2007,automatic,510,m_klasse,150000,4,lpg,mercedes_benz,no,31-03-2016 00:00,0,33178,06-04-2016 17:45
23-03-2016 09:54,BMW_118i,privat,Angebot,7000,test,limousine,2007,manual,143,1er,150000,9,petrol,bmw,no,23-03-2016 00:00,0,85375,29-03-2016 02:16
12-03-2016 12:40,Renault_Grand_Scenic__7_Sitzer__EURO_4,privat,Angebot,2950,test,bus,2005,manual,131,andere,150000,6,diesel,renault,no,12-03-2016 00:00,0,91781,17-03-2016 10:17
18-03-2016 21:06,Hyundai_i20,privat,Angebot,4850,control,kleinwagen,2010,manual,77,i_reihe,100000,12,petrol,hyundai,,18-03-2016 00:00,0,65936,20-03-2016 08:35
10-03-2016 14:45,Fiat_Punto_1.2,privat,Angebot,1100,test,kleinwagen,2000,manual,60,punto,60000,6,petrol,fiat,no,10-03-2016 00:00,0,87600,11-03-2016 02:16
20-03-2016 04:36,Opel_Vectra_2_2_GTS_Tuev_12/2017,privat,Angebot,3600,control,limousine,2003,manual,147,vectra,125000,4,petrol,opel,no,20-03-2016 00:00,0,90439,25-03-2016 06:45
02-04-2016 18:37,Volkswagen_Golf_1.4_Comfortline,privat,Angebot,7750,control,limousine,2009,manual,80,golf,125000,9,petrol,volkswagen,no,02-04-2016 00:00,0,57392,06-04-2016 18:16
11-03-2016 18:38,VW_Polo_1.2_*sehr_gepflegter_Zustand*,privat,Angebot,2950,test,kleinwagen,2004,manual,54,polo,90000,12,petrol,volkswagen,,11-03-2016 00:00,0,41812,12-03-2016 23:16
02-04-2016 19:50,Opel_corsa_Unfallfahrzeug,privat,Angebot,400,test,,2017,manual,65,corsa,150000,3,petrol,opel,yes,02-04-2016 00:00,0,56479,06-04-2016 11:46
08-03-2016 08:56,BMW_520d_Touring_Aut.___NAVI___AHK___Scheckheft,privat,Angebot,6880,test,kombi,2007,automatic,150,5er,150000,9,diesel,bmw,no,08-03-2016 00:00,0,83236,09-03-2016 07:15
27-03-2016 14:51,Volkswagen_Golf_Plus_DSG_Navi,privat,Angebot,5600,control,bus,2008,automatic,140,golf,150000,7,diesel,volkswagen,no,27-03-2016 00:00,0,42281,07-04-2016 11:45
07-03-2016 07:55,Volkswagen_Golf_1.2TSI_BlueMotion_Technology_DSG_NEUWAGENGARANTIE,privat,Angebot,10550,test,limousine,2012,automatic,105,golf,60000,10,petrol,volkswagen,no,07-03-2016 00:00,0,44309,22-03-2016 01:18
13-03-2016 14:23,Mercedes_Benz_A_180__BlueEFFICIENCY_,privat,Angebot,17500,test,limousine,2013,manual,122,a_klasse,40000,11,petrol,mercedes_benz,no,13-03-2016 00:00,0,55481,06-04-2016 00:15
22-03-2016 13:45,Seat_Ibiza_1.4,privat,Angebot,999,control,kleinwagen,1999,manual,60,ibiza,150000,4,petrol,seat,no,22-03-2016 00:00,0,73340,31-03-2016 09:44
12-03-2016 16:56,Opel_Astra_automatic,privat,Angebot,3400,control,,2018,,0,astra,150000,8,petrol,opel,no,12-03-2016 00:00,0,44789,23-03-2016 08:47
15-03-2016 09:38,Opel_Astra_Kombi_mit_Anhaengerkupplung,privat,Angebot,2000,control,kombi,1998,manual,115,astra,150000,12,petrol,opel,no,15-03-2016 00:00,0,86859,05-04-2016 17:21
25-03-2016 18:56,Citroen__c1,privat,Angebot,2350,test,,2006,,0,c1,5000,0,andere,citroen,,25-03-2016 00:00,0,26123,07-04-2016 00:46
01-04-2016 19:49,Astra_Gsi_C20let_3xxPs_Eds_F28,privat,Angebot,6250,control,,2016,manual,310,astra,150000,0,,opel,,01-04-2016 00:00,0,58809,03-04-2016 16:47
20-03-2016 23:45,Audi_A4_1.8,privat,Angebot,2700,control,limousine,1999,manual,125,a4,125000,7,petrol,audi,no,20-03-2016 00:00,0,57072,07-04-2016 09:45
28-03-2016 12:38,Opel_Corsa_Grand_Slam,privat,Angebot,500,test,kleinwagen,1995,manual,45,corsa,150000,5,petrol,opel,no,28-03-2016 00:00,0,85748,30-03-2016 02:46
30-03-2016 12:58,Smart_smart_fortwo_cabrio_pulse_micro_hybrid_drive,privat,Angebot,5555,control,cabrio,2010,automatic,71,fortwo,90000,3,petrol,smart,no,30-03-2016 00:00,0,85540,07-04-2016 04:15
12-03-2016 18:44,Mercedes_Benz_A_160_BlueEFFICIENCY_Avantgarde,privat,Angebot,8450,test,limousine,2010,manual,95,a_klasse,70000,12,petrol,mercedes_benz,no,12-03-2016 00:00,0,21465,07-04-2016 11:44
15-03-2016 13:58,Opel_Astra_G_Cabrio,privat,Angebot,2750,control,cabrio,2001,manual,147,astra,150000,9,petrol,opel,,15-03-2016 00:00,0,44359,06-04-2016 04:45
09-03-2016 01:38,Opel_corsa_b_tuev_3.2018,privat,Angebot,650,control,kleinwagen,1997,manual,45,corsa,150000,1,petrol,opel,no,08-03-2016 00:00,0,48683,12-03-2016 13:45
15-03-2016 13:52,Ford_Focus_Trend,privat,Angebot,680,control,limousine,2000,manual,75,focus,150000,5,petrol,ford,no,15-03-2016 00:00,0,67661,06-04-2016 03:16
30-03-2016 18:58,Opel_Corsa_B___________AHK,privat,Angebot,444,test,kleinwagen,1995,manual,45,corsa,150000,1,petrol,opel,no,30-03-2016 00:00,0,58452,01-04-2016 13:45
24-03-2016 20:46,Peugeot_207_75,privat,Angebot,4650,test,kleinwagen,2009,manual,73,2_reihe,70000,10,petrol,peugeot,no,24-03-2016 00:00,0,50674,24-03-2016 20:46
14-03-2016 15:49,Kia_Rio_1.4_EX,privat,Angebot,4450,control,kleinwagen,2007,manual,97,rio,70000,6,petrol,kia,no,14-03-2016 00:00,0,45892,14-03-2016 15:49
29-03-2016 13:56,Nissan_Micra_1.2_Tuev_Neu_Maerz_2018_OHNE_MÄNGEL_Top_Zustand,privat,Angebot,1999,control,kleinwagen,2003,manual,65,micra,80000,6,petrol,nissan,no,29-03-2016 00:00,0,70376,29-03-2016 13:56
05-03-2016 15:43,Opel_Zafira_1.7_CDT_AHK_Regen_Lichtsensor__unfallfrei,privat,Angebot,9650,control,bus,2011,manual,110,zafira,100000,3,diesel,opel,no,05-03-2016 00:00,0,49477,06-03-2016 03:44
11-03-2016 15:37,W124_320_E_TÜV_03/2017_5_Gang_automatic_KLIMA,privat,Angebot,2700,test,limousine,1992,automatic,220,e_klasse,150000,12,petrol,mercedes_benz,,11-03-2016 00:00,0,71706,16-03-2016 03:16
22-03-2016 12:55,Peugeot_806_HDi_je_parle_francais_la_110,privat,Angebot,2200,control,bus,2000,manual,0,andere,150000,3,diesel,peugeot,no,22-03-2016 00:00,0,54296,26-03-2016 13:46
29-03-2016 18:51,Schlachte_Golf_4._89.000_KM._Blau_1.4_16V,privat,Angebot,1,control,,2000,,75,golf,90000,3,petrol,volkswagen,,29-03-2016 00:00,0,78588,06-04-2016 04:45
08-03-2016 23:53,Volkswagen_Fox_zu_verkaufen._Top_Zustand,privat,Angebot,4500,control,,2016,,0,fox,60000,10,,volkswagen,,08-03-2016 00:00,0,41466,06-04-2016 23:17
08-03-2016 19:48,Mercedes_Benz_A_140__2.Hand_Scheckheft_gepfl.,privat,Angebot,3850,test,limousine,2004,automatic,82,a_klasse,125000,6,petrol,mercedes_benz,no,08-03-2016 00:00,0,59348,21-03-2016 03:46
04-04-2016 12:43,Volkswagen_Touareg_3.0_V6_TDI_DPF_Aut._Individual,privat,Angebot,15500,control,suv,2008,automatic,239,touareg,150000,4,diesel,volkswagen,no,04-04-2016 00:00,0,45355,06-04-2016 13:44
18-03-2016 12:48,Corvette_C1_1959_top_Zustand,privat,Angebot,90500,control,cabrio,1959,automatic,295,andere,90000,7,petrol,chevrolet,no,18-03-2016 00:00,0,94032,03-04-2016 21:17
26-03-2016 21:49,Alfa_Giulietta_2.0_JTDm_mit_QV_Ausstattung,privat,Angebot,13950,control,andere,2011,manual,140,,60000,11,diesel,alfa_romeo,no,26-03-2016 00:00,0,86830,06-04-2016 14:15
29-03-2016 18:45,BMW_530D_E39,privat,Angebot,3400,control,limousine,2002,automatic,193,5er,150000,12,diesel,bmw,,29-03-2016 00:00,0,24143,06-04-2016 04:17
29-03-2016 20:06,Seat_Ibiza_SC_1.4_TSI_DSG_Cupra,privat,Angebot,11500,control,kleinwagen,2010,automatic,179,ibiza,50000,11,petrol,seat,no,29-03-2016 00:00,0,60596,06-04-2016 09:17
11-03-2016 10:52,BMW_323i._e_21_Gesucht__In_jeden_Zustand_,privat,Angebot,0,test,,1985,,0,3er,150000,0,,bmw,,11-03-2016 00:00,0,85051,11-03-2016 11:41
26-03-2016 15:48,Dacia_Logan_MCV_1.5_dCi,privat,Angebot,2800,test,kombi,2007,manual,68,logan,150000,6,diesel,dacia,no,26-03-2016 00:00,0,64859,06-04-2016 04:15
01-04-2016 21:46,Vw_polo_tuf_04_2016,privat,Angebot,120,test,kleinwagen,1995,manual,0,polo,150000,0,petrol,volkswagen,,01-04-2016 00:00,0,68309,01-04-2016 21:46
04-04-2016 13:48,Mercedes_Benz_E220_|_220_E_|_TÜV_03/2017_|_w124_|_E_Klasse,privat,Angebot,1490,control,limousine,1992,automatic,136,e_klasse,150000,2,petrol,mercedes_benz,no,04-04-2016 00:00,0,13349,06-04-2016 15:16
10-03-2016 10:54,Vw_Caddy_1_9_sdi,privat,Angebot,650,test,kombi,2000,manual,75,caddy,150000,6,diesel,volkswagen,,10-03-2016 00:00,0,38259,10-03-2016 11:44
01-04-2016 13:50,Suzuki_Vitara_1_6_L_petroler,privat,Angebot,1199,control,suv,1992,manual,80,andere,150000,5,petrol,suzuki,no,01-04-2016 00:00,0,35039,07-04-2016 00:16
08-03-2016 18:51,Mazda_626_als_Ersatzteilespender_oder_Wiederaufbau,privat,Angebot,350,test,kombi,1998,manual,0,6_reihe,150000,0,petrol,mazda,yes,08-03-2016 00:00,0,54655,07-04-2016 14:56
21-03-2016 07:37,Alfa_Romeo_Spiber,privat,Angebot,3200,control,cabrio,2001,manual,150,spider,150000,6,,alfa_romeo,,21-03-2016 00:00,0,24939,31-03-2016 08:18
29-03-2016 17:56,KIA_OPIRUS_3_5_V6_EX,privat,Angebot,4000,control,limousine,2004,manual,203,andere,150000,9,lpg,kia,no,29-03-2016 00:00,0,23558,06-04-2016 03:45
13-03-2016 22:46,Renault__Megane__Grandtour_Exception_2_0_dci_Scheckheft_blau,privat,Angebot,6450,control,kombi,2006,manual,150,megane,125000,9,diesel,renault,no,13-03-2016 00:00,0,25715,06-04-2016 19:17
03-04-2016 16:06,Opel_Corsa_1.2_16V_Comfort_Tuev/AU_neu,privat,Angebot,1690,test,kleinwagen,2001,manual,75,corsa,150000,10,petrol,opel,no,03-04-2016 00:00,0,63263,06-04-2016 22:46
09-03-2016 23:46,Volkswagen_Passat_2.5_TDI_V6_4Motion_Highline,privat,Angebot,1750,test,limousine,2002,automatic,150,passat,150000,12,diesel,volkswagen,no,09-03-2016 00:00,0,90768,07-04-2016 09:17
08-03-2016 19:38,Mercedes_Benz_A_140_Classic_Klima_Scheckheft_DB_TÜV_neu,privat,Angebot,2990,test,limousine,2001,automatic,82,a_klasse,70000,3,petrol,mercedes_benz,no,08-03-2016 00:00,0,23968,15-03-2016 07:44
02-04-2016 18:42,Astra_cabrio,privat,Angebot,1299,control,,2016,manual,75,astra,150000,5,,opel,no,02-04-2016 00:00,0,59425,02-04-2016 18:42
24-03-2016 18:55,Audi_A4_Avant_1_8_Lichtpaket__petrol__MMI__Xenon__Leder,privat,Angebot,11000,test,kombi,2010,automatic,0,a4,150000,1,petrol,audi,no,24-03-2016 00:00,0,24837,07-04-2016 13:15
19-03-2016 07:51,Vw_lupo_1.0_klima_servo_1_yeshr_TÜV,privat,Angebot,1000,test,kleinwagen,2000,manual,50,lupo,150000,2,petrol,volkswagen,no,19-03-2016 00:00,0,65824,06-04-2016 23:46
20-03-2016 20:45,Microcar_MC1,privat,Angebot,3950,test,kleinwagen,2004,automatic,5,,70000,5,diesel,sonstige_autos,no,20-03-2016 00:00,0,90562,03-04-2016 04:17
25-03-2016 11:49,Opel_Omega_mit_Hagelschaden,privat,Angebot,650,test,kombi,2000,manual,144,omega,150000,4,petrol,opel,yes,25-03-2016 00:00,0,72820,06-04-2016 12:44
02-04-2016 21:54,CITREON_JUMPER_2_2_2010_LKW__KASTEN_HOCH_UND_LANG_TOP,privat,Angebot,5500,test,andere,2010,manual,120,andere,150000,7,diesel,citroen,no,02-04-2016 00:00,0,7545,02-04-2016 22:44
29-03-2016 14:54,Citroeen_Xara_1_4_inklusive_Neu_TÜV/AU,privat,Angebot,1299,test,coupe,1998,manual,75,andere,150000,9,petrol,citroen,no,29-03-2016 00:00,0,13435,06-04-2016 01:15
27-03-2016 18:43,Passat_fuer_ausschalten,privat,Angebot,1300,control,,2017,manual,150,,150000,10,,volkswagen,no,27-03-2016 00:00,0,70374,05-04-2016 15:15
02-04-2016 17:54,VW_Touran_1.9_TDI_United,privat,Angebot,5800,control,bus,2007,manual,105,,150000,11,diesel,volkswagen,yes,02-04-2016 00:00,0,31319,04-04-2016 15:47
25-03-2016 17:52,Mercedes_Benz_C_180_T_Kompressor_automatic_Elegance,privat,Angebot,7600,test,kombi,2004,automatic,143,c_klasse,150000,12,petrol,mercedes_benz,no,25-03-2016 00:00,0,27777,06-04-2016 23:17
26-03-2016 17:39,Volkswagen_Golf_Variant_1.4_TSI_DSG_Highline_Xenon_Panorama,privat,Angebot,13499,control,kombi,2010,automatic,160,golf,60000,4,petrol,volkswagen,no,26-03-2016 00:00,0,4107,06-04-2016 06:16
08-03-2016 19:55,Daihatsu_Cuore_1.0_Top,privat,Angebot,1490,test,kleinwagen,2007,manual,58,cuore,150000,3,petrol,daihatsu,no,08-03-2016 00:00,0,44145,12-03-2016 21:44
12-03-2016 14:39,Volkswagen_Golf_1.4_Tour,privat,Angebot,5500,test,limousine,2007,manual,80,golf,125000,7,petrol,volkswagen,no,12-03-2016 00:00,0,31246,06-04-2016 23:17
04-04-2016 10:57,BMW_318i,privat,Angebot,2350,control,limousine,2003,manual,143,3er,150000,4,petrol,bmw,no,04-04-2016 00:00,0,65558,05-04-2016 12:14
31-03-2016 13:54,Ford_C_Max,privat,Angebot,3000,control,,2016,manual,0,c_max,150000,3,diesel,ford,,31-03-2016 00:00,0,16348,06-04-2016 07:15
24-03-2016 16:46,VW_golf_1_4_4_tuer,privat,Angebot,1950,control,,2017,manual,0,,150000,7,petrol,volkswagen,no,24-03-2016 00:00,0,70376,30-03-2016 18:16
12-03-2016 16:48,Ford_S_Max_2.0_TDCi_DPF_Aut._Trend,privat,Angebot,6350,control,bus,2009,automatic,140,s_max,150000,10,diesel,ford,no,12-03-2016 00:00,0,45699,07-04-2016 06:45
02-04-2016 16:30,Mazda_Premacy_1.9_TÜV_NEU,privat,Angebot,750,control,bus,1999,manual,101,andere,150000,12,petrol,mazda,no,02-04-2016 00:00,0,55128,02-04-2016 17:45
27-03-2016 19:52,Opel_Vectra_1_6,privat,Angebot,1500,control,limousine,1998,automatic,101,vectra,150000,8,petrol,opel,no,27-03-2016 00:00,0,44809,31-03-2016 01:45
01-04-2016 22:51,Audi_A4_1.8_T_quattro,privat,Angebot,8500,test,limousine,2003,manual,300,a4,150000,3,petrol,audi,no,01-04-2016 00:00,0,18573,05-04-2016 21:45
04-04-2016 02:02,Audi_A6Mit_AHK,privat,Angebot,4300,control,kombi,2003,automatic,179,a6,150000,5,,audi,,04-04-2016 00:00,0,21149,06-04-2016 08:45
07-03-2016 21:55,Fiat_Marea_100_16V_Weekend_SX,privat,Angebot,850,control,kombi,2001,manual,103,andere,125000,3,petrol,fiat,no,07-03-2016 00:00,0,20146,06-04-2016 10:46
03-04-2016 21:37,Mercedes_Benz_A_160_Blue_Efficiency,privat,Angebot,6700,test,limousine,2009,manual,95,a_klasse,70000,10,petrol,mercedes_benz,no,03-04-2016 00:00,0,74235,05-04-2016 22:18
30-03-2016 07:54,Audi_A3,privat,Angebot,29980,control,limousine,2013,manual,150,a3,50000,9,diesel,audi,no,30-03-2016 00:00,0,59846,06-04-2016 23:46
21-03-2016 21:46,Opel_Corsa_1.2_16V___2_HAND__KLIMA__8_FACH_TÜV_NEU!!!,privat,Angebot,2238,control,kleinwagen,2003,manual,75,corsa,125000,5,petrol,opel,no,21-03-2016 00:00,0,1067,24-03-2016 11:46
01-04-2016 17:47,Bmw_e36_316i_compact_viel_neu....,privat,Angebot,250,test,kleinwagen,1994,manual,102,3er,150000,0,petrol,bmw,,01-04-2016 00:00,0,52393,05-04-2016 13:15
26-03-2016 10:37,BMW_coupe,privat,Angebot,3350,test,coupe,1997,manual,170,3er,150000,11,petrol,bmw,no,26-03-2016 00:00,0,83024,26-03-2016 11:41
05-03-2016 16:45,Renault_Modus_1.5_dCi_Bj_2005__220000_km_TÜV_NEU,privat,Angebot,2000,control,bus,2005,manual,86,modus,150000,6,diesel,renault,no,05-03-2016 00:00,0,13439,07-04-2016 07:17
19-03-2016 18:38,Top_gepflegter_Audi_A6_Avant_S_Line_2.0_TDI_/_AHK_Standheizung,privat,Angebot,14500,test,kombi,2007,manual,140,a6,100000,3,diesel,audi,no,19-03-2016 00:00,0,94060,07-04-2016 05:17
12-03-2016 12:06,Audi_A2_1.4__TÜV+_Zahnriemen_NEU,privat,Angebot,4199,control,kleinwagen,2002,manual,75,a2,150000,1,petrol,audi,no,12-03-2016 00:00,0,56235,06-04-2016 17:16
29-03-2016 15:38,SEAT_Ibiza__TÜV_neu_nichtraucher__scheckheft_gepflegt__23500_km,privat,Angebot,6999,control,kleinwagen,2009,manual,85,ibiza,30000,4,petrol,seat,no,29-03-2016 00:00,0,1744,06-04-2016 01:15
23-03-2016 20:52,VW_Polo_1.2_Trendline_Klima/_Scheckheftgepflegt/_TÜV_NEU,privat,Angebot,4490,test,kleinwagen,2008,manual,60,polo,100000,11,petrol,volkswagen,no,23-03-2016 00:00,0,1993,29-03-2016 16:45
20-03-2016 20:42,BMW_X6_xDrive30d_M_Sportpaket_Garantie_bis_2018,privat,Angebot,43900,test,limousine,2013,automatic,245,x_reihe,40000,4,diesel,bmw,no,20-03-2016 00:00,0,50859,07-04-2016 04:46
05-03-2016 14:06,Audi_A5_Cabrio_1.8_TFSI,privat,Angebot,21950,test,cabrio,2010,manual,160,a5,90000,5,petrol,audi,no,05-03-2016 00:00,0,65474,06-03-2016 11:08
02-04-2016 08:51,Mazda_323_Sporty,privat,Angebot,1200,control,kleinwagen,2002,manual,90,3_reihe,150000,4,petrol,mazda,,02-04-2016 00:00,0,6132,06-04-2016 07:15
23-03-2016 10:50,Mercedes_Benz_E_220_T_CDI_automatic_Classic,privat,Angebot,8100,control,kombi,2004,automatic,150,e_klasse,150000,3,diesel,mercedes_benz,no,23-03-2016 00:00,0,76872,07-04-2016 12:16
18-03-2016 18:47,BMW_530i_Touring,privat,Angebot,12650,control,kombi,2006,manual,258,5er,150000,6,petrol,bmw,no,18-03-2016 00:00,0,96114,05-04-2016 22:45
01-04-2016 12:49,Solides_Auto,privat,Angebot,2400,test,kombi,1997,manual,125,passat,150000,7,petrol,volkswagen,no,01-04-2016 00:00,0,88161,07-04-2016 09:17
14-03-2016 01:39,Seat_Ibiza_weiss_sparsam_8_fach_bereift,privat,Angebot,5250,control,,2017,manual,84,ibiza,70000,4,,seat,no,13-03-2016 00:00,0,99762,14-03-2016 06:42
17-03-2016 18:52,Audi_A3_1.8_TFSI_Ambition_S_Line_Xenon,privat,Angebot,14500,control,limousine,2009,manual,160,a3,70000,3,petrol,audi,,17-03-2016 00:00,0,73525,07-04-2016 06:16
04-04-2016 09:57,Peugeot_206_cc,privat,Angebot,1950,control,,2016,manual,0,2_reihe,150000,10,petrol,peugeot,no,04-04-2016 00:00,0,44141,06-04-2016 11:44
24-03-2016 10:58,Tausche_BMW_top_Zustand,privat,Angebot,0,test,,2016,automatic,197,3er,150000,12,diesel,bmw,no,24-03-2016 00:00,0,99867,25-03-2016 19:46
08-03-2016 10:49,Mercedes_Benz_E350_CGI_Coupé_AMG_|_LEDER_|_SCHIEBEDACH_|_TÜV,privat,Angebot,24900,test,coupe,2009,automatic,292,e_klasse,125000,6,petrol,mercedes_benz,no,08-03-2016 00:00,0,30453,12-03-2016 01:16
10-03-2016 12:54,Volkswagen_Golf_Plus_1.9_TDI,privat,Angebot,4300,test,limousine,2007,manual,90,golf,150000,2,diesel,volkswagen,no,10-03-2016 00:00,0,60486,16-03-2016 08:17
27-03-2016 15:44,Smart_smart_fortwo_coupe,privat,Angebot,2250,control,kleinwagen,2006,,61,fortwo,80000,11,petrol,smart,no,27-03-2016 00:00,0,66907,27-03-2016 15:44
20-03-2016 12:06,Audi_A4_Avant_2.0_TDI_DPF_Ambiente,privat,Angebot,10550,test,kombi,2008,manual,143,a4,125000,9,diesel,audi,no,20-03-2016 00:00,0,65549,27-03-2016 00:46
14-03-2016 06:03,Seat_Ibiza,privat,Angebot,200,test,kleinwagen,1995,manual,60,ibiza,150000,10,petrol,seat,no,14-03-2016 00:00,0,14542,17-03-2016 20:16
04-04-2016 02:37,BMW_E30_316_318_320_325_GESUCHT,privat,Angebot,0,control,,1990,,0,3er,5000,0,,bmw,,04-04-2016 00:00,0,59073,06-04-2016 09:16
05-04-2016 00:55,Audi_A6_2.0_TFSI,privat,Angebot,11500,control,limousine,2010,manual,170,a6,150000,1,petrol,audi,no,05-04-2016 00:00,0,4275,07-04-2016 11:15
05-03-2016 15:58,OPEL_Vectra_B_Kombi_2.0_DTI_mit_AHK,privat,Angebot,890,control,kombi,2002,manual,101,vectra,150000,4,diesel,opel,,05-03-2016 00:00,0,82054,12-03-2016 21:17
21-03-2016 12:56,Audi_A5_Cabrio_3.0_TDI_DPF_quattro_S_tronic,privat,Angebot,20500,control,cabrio,2009,automatic,239,a5,150000,4,diesel,audi,no,21-03-2016 00:00,0,83735,06-04-2016 07:45
30-03-2016 18:38,Alfa_Romeo_147_1.6_Twin_Spark,privat,Angebot,2990,test,limousine,2006,manual,105,147,150000,6,petrol,alfa_romeo,no,30-03-2016 00:00,0,74912,07-04-2016 09:44
26-03-2016 08:49,MERCEDES_BENZ_C_200_T_CDI_AVANTGARDE,privat,Angebot,9600,test,kombi,2008,manual,136,c_klasse,150000,8,diesel,mercedes_benz,no,26-03-2016 00:00,0,14513,26-03-2016 09:41
10-03-2016 11:57,Opel_Corsa_City,privat,Angebot,1099,test,kleinwagen,1995,manual,45,corsa,30000,10,petrol,opel,no,10-03-2016 00:00,0,15732,22-03-2016 00:46
22-03-2016 11:45,Opel_Astra_1.6,privat,Angebot,1700,control,limousine,2000,manual,75,astra,100000,5,petrol,opel,no,22-03-2016 00:00,0,82110,28-03-2016 00:16
24-03-2016 17:49,Unfallwagen/Totalschaden,privat,Angebot,0,control,,2000,manual,0,,150000,0,,audi,yes,24-03-2016 00:00,0,72514,29-03-2016 03:45
01-04-2016 14:59,Expert_Kasten_geschlossen,privat,Angebot,4760,test,andere,2008,manual,98,andere,150000,3,diesel,peugeot,yes,01-04-2016 00:00,0,1809,07-04-2016 12:46
02-04-2016 10:51,Ford_Galaxy_2.0_TDCI_Trend_EZ_04.12_Anhaengerkupplung,privat,Angebot,16500,test,bus,2012,manual,140,galaxy,80000,4,diesel,ford,no,02-04-2016 00:00,0,59590,04-04-2016 07:50
23-03-2016 10:54,Audi_TT_Coupe_1.8_T,privat,Angebot,5300,control,coupe,1999,manual,179,tt,125000,3,petrol,audi,no,23-03-2016 00:00,0,55450,07-04-2016 11:16
09-03-2016 12:55,Citroen_C3__TÜV_neu_petrol__109_PS_1_6i_2003_automatic,privat,Angebot,3555,control,kleinwagen,2003,automatic,109,c3,100000,2,petrol,citroen,no,09-03-2016 00:00,0,48683,05-04-2016 23:45
08-03-2016 19:55,guenstig_Fiat_uno_zum_verkaufen_Tuev_bis_11.2016,privat,Angebot,350,test,kleinwagen,1989,manual,45,andere,150000,2,petrol,fiat,,08-03-2016 00:00,0,33098,11-03-2016 04:44
31-03-2016 23:52,Mercedes_Benz_Viano_2.2_CDI_kompakt_Function_DPF_Vollleder_AHK,privat,Angebot,19900,control,bus,2009,manual,150,viano,90000,5,diesel,mercedes_benz,no,31-03-2016 00:00,0,59348,07-04-2016 03:17
07-03-2016 21:46,Mercedes_Benz_S_420_CDI_DPF_7G_TRONIC,privat,Angebot,15200,control,limousine,2007,automatic,320,s_klasse,150000,7,diesel,mercedes_benz,no,07-03-2016 00:00,0,29664,06-04-2016 01:45
07-03-2016 20:30,Mazda_121_mit_75_PS_TÜV_1/2018_115100_km,privat,Angebot,700,test,kleinwagen,1994,manual,75,1_reihe,125000,3,petrol,mazda,,07-03-2016 00:00,0,56072,11-03-2016 00:45
06-03-2016 19:46,BMW_318_mit_TÜV,privat,Angebot,550,control,limousine,1995,manual,130,3er,150000,5,petrol,bmw,no,06-03-2016 00:00,0,73431,08-03-2016 23:17
31-03-2016 11:25,Volkswagen_Eos_2.0_TDI_DPF,privat,Angebot,8700,test,cabrio,2006,manual,140,eos,150000,10,diesel,volkswagen,no,31-03-2016 00:00,0,63263,05-04-2016 19:46
15-03-2016 16:46,Fiat_Panda_0_9_TwinAir_Turbo__86_PS___Topausstattung_Klimaautom.,privat,Angebot,6990,control,kleinwagen,2012,manual,86,panda,50000,2,petrol,fiat,no,15-03-2016 00:00,0,72793,06-04-2016 11:45
15-03-2016 09:54,Citroen_C4,privat,Angebot,5500,control,limousine,2006,manual,90,c4,80000,5,petrol,citroen,,15-03-2016 00:00,0,52066,18-03-2016 03:16
19-03-2016 16:57,Hyundai_Getz_1.1,privat,Angebot,1650,test,kleinwagen,2006,manual,63,getz,150000,3,petrol,hyundai,no,19-03-2016 00:00,0,58642,19-03-2016 17:41
26-03-2016 13:38,Audi_A3_2.0_TDI__Pano,privat,Angebot,7900,control,limousine,2009,manual,170,a3,150000,6,diesel,audi,no,26-03-2016 00:00,0,32839,29-03-2016 15:45
04-04-2016 21:41,PEUGEOT_206_CC_CABRIO_TÜV08/2016_KLIMA_1.HAND_ZV_EFHB,privat,Angebot,4290,test,cabrio,2006,manual,109,2_reihe,90000,4,petrol,peugeot,,04-04-2016 00:00,0,22549,07-04-2016 00:15
14-03-2016 01:47,Volkswagen_Golf_1.2_TSI_BlueM_Technology_Cup_Standhzg,privat,Angebot,14650,control,limousine,2014,manual,86,golf,20000,12,petrol,volkswagen,no,13-03-2016 00:00,0,38444,05-04-2016 01:15
24-03-2016 18:50,BMW_318i_touring,privat,Angebot,3299,test,kombi,2002,manual,143,3er,150000,9,petrol,bmw,no,24-03-2016 00:00,0,8060,07-04-2016 13:15
29-03-2016 17:44,Ford_Fiesta,privat,Angebot,6500,control,kleinwagen,2012,manual,81,fiesta,40000,6,petrol,ford,no,29-03-2016 00:00,0,12679,31-03-2016 10:45
21-03-2016 21:51,Peugeot_206_110,privat,Angebot,600,control,kleinwagen,2002,manual,148,2_reihe,150000,11,petrol,peugeot,yes,21-03-2016 00:00,0,39387,05-04-2016 00:15
20-03-2016 20:47,Volkswagen_Golf_1.6_Goal,privat,Angebot,5800,test,limousine,2006,manual,102,golf,125000,9,petrol,volkswagen,no,20-03-2016 00:00,0,72074,07-04-2016 05:44
03-04-2016 18:06,Opel_Astra_G_Caravan__Edition_100__Silber_Metallic.,privat,Angebot,1600,test,kombi,1999,manual,75,astra,150000,3,petrol,opel,no,03-04-2016 00:00,0,65474,07-04-2016 02:17
27-03-2016 14:40,C_180_T_BlueEFFICIENCY_7G_TRONIC_Avantgarde,privat,Angebot,8000,control,kombi,2011,automatic,156,c_klasse,30000,8,petrol,mercedes_benz,no,27-03-2016 00:00,0,10115,27-03-2016 14:40
16-03-2016 12:48,Bastlerfahrzeug_Peugeot_206,privat,Angebot,700,test,kleinwagen,2000,manual,0,2_reihe,150000,5,petrol,peugeot,,16-03-2016 00:00,0,12529,06-04-2016 07:46
23-03-2016 15:42,Audi_A7_3.0_TDI_multitronic_V6,privat,Angebot,27500,test,coupe,2010,automatic,204,andere,100000,11,diesel,audi,no,23-03-2016 00:00,0,49406,23-03-2016 15:42
08-03-2016 19:48,Audi_A4_Avant_2.0_TDI_DPF,privat,Angebot,6500,test,kombi,2007,manual,170,a4,150000,12,diesel,audi,yes,08-03-2016 00:00,0,72186,05-04-2016 15:17
29-03-2016 13:53,Schoener_Peugeot_306_3_Hand,privat,Angebot,899,control,,2018,automatic,101,3_reihe,150000,6,,peugeot,no,29-03-2016 00:00,0,34359,05-04-2016 23:47
02-04-2016 07:56,Citroën_Xsara_Picasso_1.6_HDi_Exclusive,privat,Angebot,2790,test,bus,2004,manual,109,andere,150000,5,diesel,citroen,no,02-04-2016 00:00,0,26133,02-04-2016 08:48
08-03-2016 16:56,VW_Fox_2.Hand_1.2__112820_Km_Original__Scheckheft_VW__TÜV_08/2016,privat,Angebot,2390,test,kleinwagen,2007,manual,54,andere,125000,8,petrol,volkswagen,no,08-03-2016 00:00,0,45326,10-03-2016 12:16
14-03-2016 20:55,320i_mit_Lackschaeden,privat,Angebot,9900,control,limousine,2008,automatic,170,3er,125000,11,petrol,bmw,yes,14-03-2016 00:00,0,46047,22-03-2016 18:16
22-03-2016 18:41,VW_Passat_Kombi_TDI_Mod._2010__Klima_Navi,privat,Angebot,6500,control,kombi,2009,manual,140,passat,150000,11,diesel,volkswagen,,22-03-2016 00:00,0,58093,06-04-2016 10:16
02-04-2016 11:59,Ford_Mondeo_1.8_Turnier_Ambiente,privat,Angebot,1450,test,kombi,2001,manual,125,mondeo,150000,10,petrol,ford,no,02-04-2016 00:00,0,68647,06-04-2016 10:17
09-03-2016 23:52,Sharan_1.9tdi_2_hand_tempomat_pdc_dvd,privat,Angebot,3600,test,bus,2003,manual,131,sharan,150000,12,diesel,volkswagen,no,09-03-2016 00:00,0,50354,11-03-2016 17:15
08-03-2016 12:53,Smart_Smart_Brabus_Cabrio_Servo_Klima,privat,Angebot,2295,test,cabrio,2000,automatic,54,fortwo,100000,5,petrol,smart,no,08-03-2016 00:00,0,12043,17-03-2016 23:47
16-03-2016 15:47,Bmw_530d_kombi,privat,Angebot,1699,test,kombi,1998,manual,0,5er,150000,7,diesel,bmw,,16-03-2016 00:00,0,51145,06-04-2016 17:46
31-03-2016 07:57,Mercedes_A_150,privat,Angebot,4400,test,,2017,manual,95,a_klasse,125000,0,petrol,mercedes_benz,no,31-03-2016 00:00,0,42489,06-04-2016 02:17
23-03-2016 13:45,Volkswagen_Golf_2,privat,Angebot,950,test,limousine,1991,manual,90,golf,150000,6,petrol,volkswagen,no,23-03-2016 00:00,0,94121,26-03-2016 06:16
06-03-2016 19:48,Volkswagen_Polo_45,privat,Angebot,500,control,kleinwagen,1996,manual,45,polo,150000,1,petrol,volkswagen,no,06-03-2016 00:00,0,19303,12-03-2016 14:17
